ActivityDate,ActivityDateTime,AccountId,MaskedAccount,AccountLabel,IncomeType,Description,Symbol,Amount,SourceHash,RawStoredPath
2021-01-26,2021-01-26 03:00:00,900001004,x1004,Individual 401(k) - x1004,Interest,INTEREST ON CASH BALANCE AT 0.009% 12/26 THRU 01/25 APY 0.0099%,,0.001,a0a44a54726c00643b105733ddbc6efde52249f05a827340583a61098fb433ea,data/raw/etrade/account_history/20260701-235622-a0a44a54726c-demo-b-History.csv
2021-02-26,2021-02-26 03:00:00,900001004,x1004,Individual 401(k) - x1004,Interest,INTEREST ON CASH BALANCE AT 0.009% 01/26 THRU 02/25 APY 0.0099%,,0.001,a0a44a54726c00643b105733ddbc6efde52249f05a827340583a61098fb433ea,data/raw/etrade/account_history/20260701-235622-a0a44a54726c-demo-b-History.csv
2021-03-11,2021-03-11 03:00:00,900001004,x1004,Individual 401(k) - x1004,Dividend,0 of MSFT @ $0,MSFT,5.208,a0a44a54726c00643b105733ddbc6efde52249f05a827340583a61098fb433ea,data/raw/etrade/account_history/20260701-235622-a0a44a54726c-demo-b-History.csv
2021-03-26,2021-03-26 03:00:00,900001004,x1004,Individual 401(k) - x1004,Interest,INTEREST ON CASH BALANCE AT 0.009% 02/26 THRU 03/25 APY 0.0099%,,0.001,a0a44a54726c00643b105733ddbc6efde52249f05a827340583a61098fb433ea,data/raw/etrade/account_history/20260701-235622-a0a44a54726c-demo-b-History.csv
2021-03-30,2021-03-30 03:00:00,900001004,x1004,Individual 401(k) - x1004,Dividend,0 of VUG @ $0,VUG,9.599,a0a44a54726c00643b105733ddbc6efde52249f05a827340583a61098fb433ea,data/raw/etrade/account_history/20260701-235622-a0a44a54726c-demo-b-History.csv
2021-04-26,2021-04-26 03:00:00,900001004,x1004,Individual 401(k) - x1004,Interest,INTEREST ON CASH BALANCE AT 0.009% 03/26 THRU 04/25 APY 0.0099%,,0.001,a0a44a54726c00643b105733ddbc6efde52249f05a827340583a61098fb433ea,data/raw/etrade/account_history/20260701-235622-a0a44a54726c-demo-b-History.csv
2021-05-26,2021-05-26 03:00:00,900001004,x1004,Individual 401(k) - x1004,Interest,INTEREST ON CASH BALANCE AT 0.009% 04/26 THRU 05/25 APY 0.0099%,,0.001,a0a44a54726c00643b105733ddbc6efde52249f05a827340583a61098fb433ea,data/raw/etrade/account_history/20260701-235622-a0a44a54726c-demo-b-History.csv
2021-06-10,2021-06-10 03:00:00,900001004,x1004,Individual 401(k) - x1004,Dividend,0 of MSFT @ $0,MSFT,5.208,a0a44a54726c00643b105733ddbc6efde52249f05a827340583a61098fb433ea,data/raw/etrade/account_history/20260701-235622-a0a44a54726c-demo-b-History.csv
2021-06-28,2021-06-28 03:00:00,900001004,x1004,Individual 401(k) - x1004,Interest,INTEREST ON CASH BALANCE AT 0.009% 05/26 THRU 06/25 APY 0.0099%,,0.001,a0a44a54726c00643b105733ddbc6efde52249f05a827340583a61098fb433ea,data/raw/etrade/account_history/20260701-235622-a0a44a54726c-demo-b-History.csv
2021-06-29,2021-06-29 03:00:00,900001004,x1004,Individual 401(k) - x1004,Dividend,0 of VUG @ $0,VUG,9.415,a0a44a54726c00643b105733ddbc6efde52249f05a827340583a61098fb433ea,data/raw/etrade/account_history/20260701-235622-a0a44a54726c-demo-b-History.csv
2021-07-26,2021-07-26 03:00:00,900001004,x1004,Individual 401(k) - x1004,Interest,INTEREST ON CASH BALANCE AT 0.009% 06/26 THRU 07/25 APY 0.0099%,,0.001,a0a44a54726c00643b105733ddbc6efde52249f05a827340583a61098fb433ea,data/raw/etrade/account_history/20260701-235622-a0a44a54726c-demo-b-History.csv
2021-08-26,2021-08-26 03:00:00,900001004,x1004,Individual 401(k) - x1004,Interest,INTEREST ON CASH BALANCE AT 0.009% 07/26 THRU 08/25 APY 0.0099%,,0.001,a0a44a54726c00643b105733ddbc6efde52249f05a827340583a61098fb433ea,data/raw/etrade/account_history/20260701-235622-a0a44a54726c-demo-b-History.csv
2021-09-09,2021-09-09 03:00:00,900001004,x1004,Individual 401(k) - x1004,Dividend,0 of MSFT @ $0,MSFT,5.208,a0a44a54726c00643b105733ddbc6efde52249f05a827340583a61098fb433ea,data/raw/etrade/account_history/20260701-235622-a0a44a54726c-demo-b-History.csv
2021-09-27,2021-09-27 03:00:00,900001004,x1004,Individual 401(k) - x1004,Interest,INTEREST ON CASH BALANCE AT 0.009% 08/26 THRU 09/25 APY 0.0099%,,0.001,a0a44a54726c00643b105733ddbc6efde52249f05a827340583a61098fb433ea,data/raw/etrade/account_history/20260701-235622-a0a44a54726c-demo-b-History.csv
2021-09-29,2021-09-29 03:00:00,900001004,x1004,Individual 401(k) - x1004,Dividend,0 of VUG @ $0,VUG,7.978,a0a44a54726c00643b105733ddbc6efde52249f05a827340583a61098fb433ea,data/raw/etrade/account_history/20260701-235622-a0a44a54726c-demo-b-History.csv
2021-10-26,2021-10-26 03:00:00,900001004,x1004,Individual 401(k) - x1004,Interest,INTEREST ON CASH BALANCE AT 0.009% 09/26 THRU 10/25 APY 0.0099%,,0.001,a0a44a54726c00643b105733ddbc6efde52249f05a827340583a61098fb433ea,data/raw/etrade/account_history/20260701-235622-a0a44a54726c-demo-b-History.csv
2021-11-26,2021-11-26 03:00:00,900001004,x1004,Individual 401(k) - x1004,Interest,INTEREST ON CASH BALANCE AT 0.009% 10/26 THRU 11/25 APY 0.0099%,,0.001,a0a44a54726c00643b105733ddbc6efde52249f05a827340583a61098fb433ea,data/raw/etrade/account_history/20260701-235622-a0a44a54726c-demo-b-History.csv
2021-12-09,2021-12-09 03:00:00,900001004,x1004,Individual 401(k) - x1004,Dividend,0 of MSFT @ $0,MSFT,5.766,a0a44a54726c00643b105733ddbc6efde52249f05a827340583a61098fb433ea,data/raw/etrade/account_history/20260701-235622-a0a44a54726c-demo-b-History.csv
2021-12-27,2021-12-27 03:00:00,900001004,x1004,Individual 401(k) - x1004,Interest,INTEREST ON CASH BALANCE AT 0.009% 11/26 THRU 12/25 APY 0.0099%,,0.001,a0a44a54726c00643b105733ddbc6efde52249f05a827340583a61098fb433ea,data/raw/etrade/account_history/20260701-235622-a0a44a54726c-demo-b-History.csv
2021-12-30,2021-12-30 03:00:00,900001004,x1004,Individual 401(k) - x1004,Dividend,0 of VUG @ $0,VUG,11.819,a0a44a54726c00643b105733ddbc6efde52249f05a827340583a61098fb433ea,data/raw/etrade/account_history/20260701-235622-a0a44a54726c-demo-b-History.csv
2022-01-26,2022-01-26 03:00:00,900001004,x1004,Individual 401(k) - x1004,Interest,INTEREST ON CASH BALANCE AT 0.009% 12/26 THRU 01/25 APY 0.0099%,,0.001,a0a44a54726c00643b105733ddbc6efde52249f05a827340583a61098fb433ea,data/raw/etrade/account_history/20260701-235622-a0a44a54726c-demo-b-History.csv
2022-02-28,2022-02-28 03:00:00,900001004,x1004,Individual 401(k) - x1004,Interest,INTEREST ON CASH BALANCE AT 0.009% 01/26 THRU 02/25 APY 0.0099%,,0.001,a0a44a54726c00643b105733ddbc6efde52249f05a827340583a61098fb433ea,data/raw/etrade/account_history/20260701-235622-a0a44a54726c-demo-b-History.csv
2022-03-10,2022-03-10 03:00:00,900001004,x1004,Individual 401(k) - x1004,Dividend,0 of MSFT @ $0,MSFT,5.766,a0a44a54726c00643b105733ddbc6efde52249f05a827340583a61098fb433ea,data/raw/etrade/account_history/20260701-235622-a0a44a54726c-demo-b-History.csv
2022-03-28,2022-03-28 03:00:00,900001004,x1004,Individual 401(k) - x1004,Dividend,0 of VUG @ $0,VUG,7.575,a0a44a54726c00643b105733ddbc6efde52249f05a827340583a61098fb433ea,data/raw/etrade/account_history/20260701-235622-a0a44a54726c-demo-b-History.csv
2022-03-28,2022-03-28 03:00:00,900001004,x1004,Individual 401(k) - x1004,Interest,INTEREST ON CASH BALANCE AT 0.009% 02/26 THRU 03/25 APY 0.0099%,,0.001,a0a44a54726c00643b105733ddbc6efde52249f05a827340583a61098fb433ea,data/raw/etrade/account_history/20260701-235622-a0a44a54726c-demo-b-History.csv
2022-04-26,2022-04-26 03:00:00,900001004,x1004,Individual 401(k) - x1004,Interest,INTEREST ON CASH BALANCE AT 0.009% 03/26 THRU 04/25 APY 0.0099%,,0.001,a0a44a54726c00643b105733ddbc6efde52249f05a827340583a61098fb433ea,data/raw/etrade/account_history/20260701-235622-a0a44a54726c-demo-b-History.csv
2022-05-26,2022-05-26 03:00:00,900001004,x1004,Individual 401(k) - x1004,Interest,INTEREST ON CASH BALANCE AT 0.009% 04/26 THRU 05/25 APY 0.0099%,,0.001,a0a44a54726c00643b105733ddbc6efde52249f05a827340583a61098fb433ea,data/raw/etrade/account_history/20260701-235622-a0a44a54726c-demo-b-History.csv
2022-06-09,2022-06-09 03:00:00,900001004,x1004,Individual 401(k) - x1004,Dividend,0 of MSFT @ $0,MSFT,5.766,a0a44a54726c00643b105733ddbc6efde52249f05a827340583a61098fb433ea,data/raw/etrade/account_history/20260701-235622-a0a44a54726c-demo-b-History.csv
2022-06-27,2022-06-27 03:00:00,900001004,x1004,Individual 401(k) - x1004,Interest,INTEREST ON CASH BALANCE AT 0.009% 05/26 THRU 06/25 APY 0.0099%,,0.001,a0a44a54726c00643b105733ddbc6efde52249f05a827340583a61098fb433ea,data/raw/etrade/account_history/20260701-235622-a0a44a54726c-demo-b-History.csv
2022-06-28,2022-06-28 03:00:00,900001004,x1004,Individual 401(k) - x1004,Dividend,0 of VUG @ $0,VUG,8.079,a0a44a54726c00643b105733ddbc6efde52249f05a827340583a61098fb433ea,data/raw/etrade/account_history/20260701-235622-a0a44a54726c-demo-b-History.csv
2022-07-26,2022-07-26 03:00:00,900001004,x1004,Individual 401(k) - x1004,Interest,INTEREST ON CASH BALANCE AT 0.009% 06/26 THRU 07/25 APY 0.0099%,,0.001,a0a44a54726c00643b105733ddbc6efde52249f05a827340583a61098fb433ea,data/raw/etrade/account_history/20260701-235622-a0a44a54726c-demo-b-History.csv
2022-08-26,2022-08-26 03:00:00,900001004,x1004,Individual 401(k) - x1004,Interest,INTEREST ON CASH BALANCE AT 0.009% 07/26 THRU 08/25 APY 0.0099%,,0.001,a0a44a54726c00643b105733ddbc6efde52249f05a827340583a61098fb433ea,data/raw/etrade/account_history/20260701-235622-a0a44a54726c-demo-b-History.csv
2022-09-08,2022-09-08 03:00:00,900001004,x1004,Individual 401(k) - x1004,Dividend,0 of MSFT @ $0,MSFT,5.766,a0a44a54726c00643b105733ddbc6efde52249f05a827340583a61098fb433ea,data/raw/etrade/account_history/20260701-235622-a0a44a54726c-demo-b-History.csv
2022-09-26,2022-09-26 03:00:00,900001004,x1004,Individual 401(k) - x1004,Interest,INTEREST ON CASH BALANCE AT 0.009% 08/26 THRU 09/25 APY 0.0099%,,0.002,a0a44a54726c00643b105733ddbc6efde52249f05a827340583a61098fb433ea,data/raw/etrade/account_history/20260701-235622-a0a44a54726c-demo-b-History.csv
2022-09-28,2022-09-28 03:00:00,900001004,x1004,Individual 401(k) - x1004,Dividend,0 of VUG @ $0,VUG,10.826,a0a44a54726c00643b105733ddbc6efde52249f05a827340583a61098fb433ea,data/raw/etrade/account_history/20260701-235622-a0a44a54726c-demo-b-History.csv
2022-10-26,2022-10-26 03:00:00,900001004,x1004,Individual 401(k) - x1004,Interest,INTEREST ON CASH BALANCE AT 0.009% 09/26 THRU 10/25 APY 0.0099%,,0.002,a0a44a54726c00643b105733ddbc6efde52249f05a827340583a61098fb433ea,data/raw/etrade/account_history/20260701-235622-a0a44a54726c-demo-b-History.csv
2022-11-28,2022-11-28 03:00:00,900001004,x1004,Individual 401(k) - x1004,Interest,INTEREST ON CASH BALANCE AT 0.009% 10/26 THRU 11/25 APY 0.0099%,,0.002,a0a44a54726c00643b105733ddbc6efde52249f05a827340583a61098fb433ea,data/raw/etrade/account_history/20260701-235622-a0a44a54726c-demo-b-History.csv
2022-12-08,2022-12-08 03:00:00,900001004,x1004,Individual 401(k) - x1004,Dividend,0 of MSFT @ $0,MSFT,6.324,a0a44a54726c00643b105733ddbc6efde52249f05a827340583a61098fb433ea,data/raw/etrade/account_history/20260701-235622-a0a44a54726c-demo-b-History.csv
2022-12-27,2022-12-27 03:00:00,900001004,x1004,Individual 401(k) - x1004,Interest,INTEREST ON CASH BALANCE AT 0.009% 11/26 THRU 12/25 APY 0.0099%,,0.002,a0a44a54726c00643b105733ddbc6efde52249f05a827340583a61098fb433ea,data/raw/etrade/account_history/20260701-235622-a0a44a54726c-demo-b-History.csv
2022-12-28,2022-12-28 03:00:00,900001004,x1004,Individual 401(k) - x1004,Dividend,0 of VUG @ $0,VUG,11.297,a0a44a54726c00643b105733ddbc6efde52249f05a827340583a61098fb433ea,data/raw/etrade/account_history/20260701-235622-a0a44a54726c-demo-b-History.csv
2023-01-26,2023-01-26 03:00:00,900001004,x1004,Individual 401(k) - x1004,Interest,INTEREST ON CASH BALANCE AT 0.009% 12/26 THRU 01/25 APY 0.0099%,,0.002,a0a44a54726c00643b105733ddbc6efde52249f05a827340583a61098fb433ea,data/raw/etrade/account_history/20260701-235622-a0a44a54726c-demo-b-History.csv
2023-02-27,2023-02-27 03:00:00,900001004,x1004,Individual 401(k) - x1004,Interest,INTEREST ON CASH BALANCE AT 0.009% 01/26 THRU 02/25 APY 0.0099%,,0.002,a0a44a54726c00643b105733ddbc6efde52249f05a827340583a61098fb433ea,data/raw/etrade/account_history/20260701-235622-a0a44a54726c-demo-b-History.csv
2023-03-09,2023-03-09 03:00:00,900001004,x1004,Individual 401(k) - x1004,Dividend,0 of MSFT @ $0,MSFT,6.324,a0a44a54726c00643b105733ddbc6efde52249f05a827340583a61098fb433ea,data/raw/etrade/account_history/20260701-235622-a0a44a54726c-demo-b-History.csv
2023-03-27,2023-03-27 03:00:00,900001004,x1004,Individual 401(k) - x1004,Interest,INTEREST ON CASH BALANCE AT 0.009% 02/26 THRU 03/25 APY 0.0099%,,0.001,a0a44a54726c00643b105733ddbc6efde52249f05a827340583a61098fb433ea,data/raw/etrade/account_history/20260701-235622-a0a44a54726c-demo-b-History.csv
2023-03-28,2023-03-28 03:00:00,900001004,x1004,Individual 401(k) - x1004,Dividend,0 of VUG @ $0,VUG,10.816,a0a44a54726c00643b105733ddbc6efde52249f05a827340583a61098fb433ea,data/raw/etrade/account_history/20260701-235622-a0a44a54726c-demo-b-History.csv
2023-06-08,2023-06-08 03:00:00,900001004,x1004,Individual 401(k) - x1004,Dividend,0 of MSFT @ $0,MSFT,6.868,a0a44a54726c00643b105733ddbc6efde52249f05a827340583a61098fb433ea,data/raw/etrade/account_history/20260701-235622-a0a44a54726c-demo-b-History.csv
2023-06-28,2023-06-28 03:00:00,900001004,x1004,Individual 401(k) - x1004,Dividend,0 of VUG @ $0,VUG,10.387,a0a44a54726c00643b105733ddbc6efde52249f05a827340583a61098fb433ea,data/raw/etrade/account_history/20260701-235622-a0a44a54726c-demo-b-History.csv
2023-09-14,2023-09-14 03:00:00,900001004,x1004,Individual 401(k) - x1004,Dividend,0 of MSFT @ $0,MSFT,6.868,a0a44a54726c00643b105733ddbc6efde52249f05a827340583a61098fb433ea,data/raw/etrade/account_history/20260701-235622-a0a44a54726c-demo-b-History.csv
2023-09-26,2023-09-26 03:00:00,900001004,x1004,Individual 401(k) - x1004,Dividend,0 of VUG @ $0,VUG,9.473,a0a44a54726c00643b105733ddbc6efde52249f05a827340583a61098fb433ea,data/raw/etrade/account_history/20260701-235622-a0a44a54726c-demo-b-History.csv
2023-10-31,2023-10-31 03:00:00,900001004,x1004,Individual 401(k) - x1004,Interest,MORGAN STANLEY BANK N.A. (Period 10/01-10/31),,0.001,a0a44a54726c00643b105733ddbc6efde52249f05a827340583a61098fb433ea,data/raw/etrade/account_history/20260701-235622-a0a44a54726c-demo-b-History.csv
2023-11-30,2023-11-30 03:00:00,900001002,x1002,Individual Brokerage - x1002,Interest,MORGAN STANLEY BANK N.A. (Period 11/01-11/30),,0.001,7d7cfd27bcd87c409b3c08f7d6ff8bfdbbe41bd2ef331c2444845e0e17b01bbc,data/raw/etrade/account_history/20260614-205836-7d7cfd27bcd8-1002History.csv
2023-12-14,2023-12-14 03:00:00,900001004,x1004,Individual 401(k) - x1004,Dividend,0 of MSFT @ $0,MSFT,7.575,a0a44a54726c00643b105733ddbc6efde52249f05a827340583a61098fb433ea,data/raw/etrade/account_history/20260701-235622-a0a44a54726c-demo-b-History.csv
2023-12-27,2023-12-27 03:00:00,900001004,x1004,Individual 401(k) - x1004,Dividend,0 of VUG @ $0,VUG,14.734,a0a44a54726c00643b105733ddbc6efde52249f05a827340583a61098fb433ea,data/raw/etrade/account_history/20260701-235622-a0a44a54726c-demo-b-History.csv
2023-12-29,2023-12-29 03:00:00,900001004,x1004,Individual 401(k) - x1004,Interest,MORGAN STANLEY PRIVATE BANK NA (Period 12/01-12/31),,0.001,a0a44a54726c00643b105733ddbc6efde52249f05a827340583a61098fb433ea,data/raw/etrade/account_history/20260701-235622-a0a44a54726c-demo-b-History.csv
2024-01-18,2024-01-18 03:00:00,900001004,x1004,Individual 401(k) - x1004,Dividend,0 of BABA @ $0,BABA,14.4,a0a44a54726c00643b105733ddbc6efde52249f05a827340583a61098fb433ea,data/raw/etrade/account_history/20260701-235622-a0a44a54726c-demo-b-History.csv
2024-01-31,2024-01-31 03:00:00,900001003,x1003,Partnership / LLC / LLP - x1003,Interest,MORGAN STANLEY PRIVATE BANK NA (Period 01/01-01/31),,0.003,457985b068300ce91b85c08e97614cb005b2b21d39f569228e87d87734c1c73f,data/raw/etrade/account_history/20260614-205753-457985b06830-1003History.csv
2024-01-31,2024-01-31 03:00:00,900001004,x1004,Individual 401(k) - x1004,Interest,MORGAN STANLEY BANK N.A. (Period 01/01-01/31),,0.001,a0a44a54726c00643b105733ddbc6efde52249f05a827340583a61098fb433ea,data/raw/etrade/account_history/20260701-235622-a0a44a54726c-demo-b-History.csv
2024-02-29,2024-02-29 03:00:00,900001004,x1004,Individual 401(k) - x1004,Interest,MORGAN STANLEY BANK N.A. (Period 02/01-02/29),,0.001,a0a44a54726c00643b105733ddbc6efde52249f05a827340583a61098fb433ea,data/raw/etrade/account_history/20260701-235622-a0a44a54726c-demo-b-History.csv
2024-03-14,2024-03-14 03:00:00,900001003,x1003,Partnership / LLC / LLP - x1003,Dividend,0 of MSFT @ $0,MSFT,27.45,457985b068300ce91b85c08e97614cb005b2b21d39f569228e87d87734c1c73f,data/raw/etrade/account_history/20260614-205753-457985b06830-1003History.csv
2024-03-14,2024-03-14 03:00:00,900001004,x1004,Individual 401(k) - x1004,Dividend,0 of MSFT @ $0,MSFT,7.575,a0a44a54726c00643b105733ddbc6efde52249f05a827340583a61098fb433ea,data/raw/etrade/account_history/20260701-235622-a0a44a54726c-demo-b-History.csv
2024-03-26,2024-03-26 03:00:00,900001004,x1004,Individual 401(k) - x1004,Dividend,0 of VUG @ $0,VUG,11.784,a0a44a54726c00643b105733ddbc6efde52249f05a827340583a61098fb433ea,data/raw/etrade/account_history/20260701-235622-a0a44a54726c-demo-b-History.csv
2024-03-27,2024-03-27 03:00:00,900001003,x1003,Partnership / LLC / LLP - x1003,Dividend,0 of TECB @ $0,TECB,1.832,457985b068300ce91b85c08e97614cb005b2b21d39f569228e87d87734c1c73f,data/raw/etrade/account_history/20260614-205753-457985b06830-1003History.csv
2024-03-27,2024-03-27 03:00:00,900001003,x1003,Partnership / LLC / LLP - x1003,Dividend,0 of VOO @ $0,VOO,3.24,457985b068300ce91b85c08e97614cb005b2b21d39f569228e87d87734c1c73f,data/raw/etrade/account_history/20260614-205753-457985b06830-1003History.csv
2024-03-28,2024-03-28 03:00:00,900001003,x1003,Partnership / LLC / LLP - x1003,Interest,MORGAN STANLEY PRIVATE BANK NA (Period 03/01-03/31),,0.001,457985b068300ce91b85c08e97614cb005b2b21d39f569228e87d87734c1c73f,data/raw/etrade/account_history/20260614-205753-457985b06830-1003History.csv
2024-03-28,2024-03-28 03:00:00,900001004,x1004,Individual 401(k) - x1004,Interest,MORGAN STANLEY BANK N.A. (Period 03/01-03/31),,0.001,a0a44a54726c00643b105733ddbc6efde52249f05a827340583a61098fb433ea,data/raw/etrade/account_history/20260701-235622-a0a44a54726c-demo-b-History.csv
2024-04-04,2024-04-04 03:00:00,900001003,x1003,Partnership / LLC / LLP - x1003,Dividend,0 of JEPQ @ $0,JEPQ,1.624,457985b068300ce91b85c08e97614cb005b2b21d39f569228e87d87734c1c73f,data/raw/etrade/account_history/20260614-205753-457985b06830-1003History.csv
2024-04-30,2024-04-30 03:00:00,900001002,x1002,Individual Brokerage - x1002,Interest,MORGAN STANLEY BANK N.A. (Period 04/01-04/30),,0.001,7d7cfd27bcd87c409b3c08f7d6ff8bfdbbe41bd2ef331c2444845e0e17b01bbc,data/raw/etrade/account_history/20260614-205836-7d7cfd27bcd8-1002History.csv
2024-04-30,2024-04-30 03:00:00,900001003,x1003,Partnership / LLC / LLP - x1003,Dividend,0 of SVOL @ $0,SVOL,6.03,457985b068300ce91b85c08e97614cb005b2b21d39f569228e87d87734c1c73f,data/raw/etrade/account_history/20260614-205753-457985b06830-1003History.csv
2024-04-30,2024-04-30 03:00:00,900001003,x1003,Partnership / LLC / LLP - x1003,Interest,MORGAN STANLEY PRIVATE BANK NA (Period 04/01-04/30),,0.001,457985b068300ce91b85c08e97614cb005b2b21d39f569228e87d87734c1c73f,data/raw/etrade/account_history/20260614-205753-457985b06830-1003History.csv
2024-04-30,2024-04-30 03:00:00,900001004,x1004,Individual 401(k) - x1004,Interest,MORGAN STANLEY BANK N.A. (Period 04/01-04/30),,0.001,a0a44a54726c00643b105733ddbc6efde52249f05a827340583a61098fb433ea,data/raw/etrade/account_history/20260701-235622-a0a44a54726c-demo-b-History.csv
2024-05-06,2024-05-06 03:00:00,900001003,x1003,Partnership / LLC / LLP - x1003,Dividend,0 of JEPQ @ $0,JEPQ,3.708,457985b068300ce91b85c08e97614cb005b2b21d39f569228e87d87734c1c73f,data/raw/etrade/account_history/20260614-205753-457985b06830-1003History.csv
2024-05-31,2024-05-31 03:00:00,900001003,x1003,Partnership / LLC / LLP - x1003,Dividend,0 of SVOL @ $0,SVOL,6.03,457985b068300ce91b85c08e97614cb005b2b21d39f569228e87d87734c1c73f,data/raw/etrade/account_history/20260614-205753-457985b06830-1003History.csv
2024-05-31,2024-05-31 03:00:00,900001003,x1003,Partnership / LLC / LLP - x1003,Interest,MORGAN STANLEY PRIVATE BANK NA (Period 05/01-05/31),,0.017,457985b068300ce91b85c08e97614cb005b2b21d39f569228e87d87734c1c73f,data/raw/etrade/account_history/20260614-205753-457985b06830-1003History.csv
2024-05-31,2024-05-31 03:00:00,900001004,x1004,Individual 401(k) - x1004,Interest,MORGAN STANLEY BANK N.A. (Period 05/01-05/31),,0.001,a0a44a54726c00643b105733ddbc6efde52249f05a827340583a61098fb433ea,data/raw/etrade/account_history/20260701-235622-a0a44a54726c-demo-b-History.csv
2024-06-05,2024-06-05 03:00:00,900001003,x1003,Partnership / LLC / LLP - x1003,Dividend,0 of JEPQ @ $0,JEPQ,30.535,457985b068300ce91b85c08e97614cb005b2b21d39f569228e87d87734c1c73f,data/raw/etrade/account_history/20260614-205753-457985b06830-1003History.csv
2024-06-13,2024-06-13 03:00:00,900001003,x1003,Partnership / LLC / LLP - x1003,Dividend,0 of MSFT @ $0,MSFT,25.95,457985b068300ce91b85c08e97614cb005b2b21d39f569228e87d87734c1c73f,data/raw/etrade/account_history/20260614-205753-457985b06830-1003History.csv
2024-06-13,2024-06-13 03:00:00,900001004,x1004,Individual 401(k) - x1004,Dividend,0 of MSFT @ $0,MSFT,7.575,a0a44a54726c00643b105733ddbc6efde52249f05a827340583a61098fb433ea,data/raw/etrade/account_history/20260701-235622-a0a44a54726c-demo-b-History.csv
2024-06-17,2024-06-17 03:00:00,900001003,x1003,Partnership / LLC / LLP - x1003,Dividend,0 of TECB @ $0,TECB,0.479,457985b068300ce91b85c08e97614cb005b2b21d39f569228e87d87734c1c73f,data/raw/etrade/account_history/20260614-205753-457985b06830-1003History.csv
2024-06-28,2024-06-28 03:00:00,900001003,x1003,Partnership / LLC / LLP - x1003,Interest,MORGAN STANLEY PRIVATE BANK NA (Period 06/01-06/30),,0.001,457985b068300ce91b85c08e97614cb005b2b21d39f569228e87d87734c1c73f,data/raw/etrade/account_history/20260614-205753-457985b06830-1003History.csv
2024-06-28,2024-06-28 03:00:00,900001004,x1004,Individual 401(k) - x1004,Interest,MORGAN STANLEY BANK N.A. (Period 06/01-06/30),,0.001,a0a44a54726c00643b105733ddbc6efde52249f05a827340583a61098fb433ea,data/raw/etrade/account_history/20260701-235622-a0a44a54726c-demo-b-History.csv
2024-07-01,2024-07-01 03:00:00,900001004,x1004,Individual 401(k) - x1004,Dividend,0 of VUG @ $0,VUG,11.491,a0a44a54726c00643b105733ddbc6efde52249f05a827340583a61098fb433ea,data/raw/etrade/account_history/20260701-235622-a0a44a54726c-demo-b-History.csv
2024-07-02,2024-07-02 03:00:00,900001003,x1003,Partnership / LLC / LLP - x1003,Dividend,0 of VOO @ $0,VOO,3.745,457985b068300ce91b85c08e97614cb005b2b21d39f569228e87d87734c1c73f,data/raw/etrade/account_history/20260614-205753-457985b06830-1003History.csv
2024-07-03,2024-07-03 03:00:00,900001003,x1003,Partnership / LLC / LLP - x1003,Dividend,0 of JEPQ @ $0,JEPQ,28.596,457985b068300ce91b85c08e97614cb005b2b21d39f569228e87d87734c1c73f,data/raw/etrade/account_history/20260614-205753-457985b06830-1003History.csv
2024-07-12,2024-07-12 03:00:00,900001004,x1004,Individual 401(k) - x1004,Dividend,0 of BABA @ $0,BABA,23.904,a0a44a54726c00643b105733ddbc6efde52249f05a827340583a61098fb433ea,data/raw/etrade/account_history/20260701-235622-a0a44a54726c-demo-b-History.csv
2024-07-31,2024-07-31 03:00:00,900001003,x1003,Partnership / LLC / LLP - x1003,Interest,MORGAN STANLEY PRIVATE BANK NA (Period 07/01-07/31),,0.003,457985b068300ce91b85c08e97614cb005b2b21d39f569228e87d87734c1c73f,data/raw/etrade/account_history/20260614-205753-457985b06830-1003History.csv
2024-07-31,2024-07-31 03:00:00,900001004,x1004,Individual 401(k) - x1004,Interest,MORGAN STANLEY BANK N.A. (Period 07/01-07/31),,0.001,a0a44a54726c00643b105733ddbc6efde52249f05a827340583a61098fb433ea,data/raw/etrade/account_history/20260701-235622-a0a44a54726c-demo-b-History.csv
2024-08-27,2024-08-27 03:00:00,900001003,x1003,Partnership / LLC / LLP - x1003,Dividend,0 of RGA @ $0,RGA,6.497,457985b068300ce91b85c08e97614cb005b2b21d39f569228e87d87734c1c73f,data/raw/etrade/account_history/20260614-205753-457985b06830-1003History.csv
2024-08-30,2024-08-30 03:00:00,900001003,x1003,Partnership / LLC / LLP - x1003,Interest,MORGAN STANLEY PRIVATE BANK NA (Period 08/01-08/31),,0.049,457985b068300ce91b85c08e97614cb005b2b21d39f569228e87d87734c1c73f,data/raw/etrade/account_history/20260614-205753-457985b06830-1003History.csv
2024-08-30,2024-08-30 03:00:00,900001004,x1004,Individual 401(k) - x1004,Interest,MORGAN STANLEY BANK N.A. (Period 08/01-08/31),,0.032,a0a44a54726c00643b105733ddbc6efde52249f05a827340583a61098fb433ea,data/raw/etrade/account_history/20260701-235622-a0a44a54726c-demo-b-History.csv
2024-09-12,2024-09-12 03:00:00,900001003,x1003,Partnership / LLC / LLP - x1003,Dividend,0 of MSFT @ $0,MSFT,9,457985b068300ce91b85c08e97614cb005b2b21d39f569228e87d87734c1c73f,data/raw/etrade/account_history/20260614-205753-457985b06830-1003History.csv
2024-09-12,2024-09-12 03:00:00,900001004,x1004,Individual 401(k) - x1004,Dividend,0 of MSFT @ $0,MSFT,7.575,a0a44a54726c00643b105733ddbc6efde52249f05a827340583a61098fb433ea,data/raw/etrade/account_history/20260701-235622-a0a44a54726c-demo-b-History.csv
2024-09-18,2024-09-18 03:00:00,900001003,x1003,Partnership / LLC / LLP - x1003,Dividend,0 of POWL @ $0,POWL,4.876,457985b068300ce91b85c08e97614cb005b2b21d39f569228e87d87734c1c73f,data/raw/etrade/account_history/20260614-205753-457985b06830-1003History.csv
2024-09-30,2024-09-30 03:00:00,900001002,x1002,Individual Brokerage - x1002,Interest,MORGAN STANLEY BANK N.A. (Period 09/01-09/30),,0.001,7d7cfd27bcd87c409b3c08f7d6ff8bfdbbe41bd2ef331c2444845e0e17b01bbc,data/raw/etrade/account_history/20260614-205836-7d7cfd27bcd8-1002History.csv
2024-09-30,2024-09-30 03:00:00,900001003,x1003,Partnership / LLC / LLP - x1003,Interest,MORGAN STANLEY PRIVATE BANK NA (Period 09/01-09/30),,0.041,457985b068300ce91b85c08e97614cb005b2b21d39f569228e87d87734c1c73f,data/raw/etrade/account_history/20260614-205753-457985b06830-1003History.csv
2024-09-30,2024-09-30 03:00:00,900001004,x1004,Individual 401(k) - x1004,Dividend,0 of VUG @ $0,VUG,2.364,a0a44a54726c00643b105733ddbc6efde52249f05a827340583a61098fb433ea,data/raw/etrade/account_history/20260701-235622-a0a44a54726c-demo-b-History.csv
2024-09-30,2024-09-30 03:00:00,900001004,x1004,Individual 401(k) - x1004,Interest,MORGAN STANLEY BANK N.A. (Period 09/01-09/30),,0.069,a0a44a54726c00643b105733ddbc6efde52249f05a827340583a61098fb433ea,data/raw/etrade/account_history/20260701-235622-a0a44a54726c-demo-b-History.csv
2024-10-04,2024-10-04 03:00:00,900001003,x1003,Partnership / LLC / LLP - x1003,Dividend,0 of TLT @ $0,TLT,11.051,457985b068300ce91b85c08e97614cb005b2b21d39f569228e87d87734c1c73f,data/raw/etrade/account_history/20260614-205753-457985b06830-1003History.csv
2024-10-31,2024-10-31 03:00:00,900001003,x1003,Partnership / LLC / LLP - x1003,Interest,MORGAN STANLEY PRIVATE BANK NA (Period 10/01-10/31),,0.003,457985b068300ce91b85c08e97614cb005b2b21d39f569228e87d87734c1c73f,data/raw/etrade/account_history/20260614-205753-457985b06830-1003History.csv
2024-10-31,2024-10-31 03:00:00,900001004,x1004,Individual 401(k) - x1004,Interest,MORGAN STANLEY BANK N.A. (Period 10/01-10/31),,0.034,a0a44a54726c00643b105733ddbc6efde52249f05a827340583a61098fb433ea,data/raw/etrade/account_history/20260701-235622-a0a44a54726c-demo-b-History.csv
2024-11-15,2024-11-15 03:00:00,900001003,x1003,Partnership / LLC / LLP - x1003,Qualified Dividend,SYNCHRONY FINANCIAL REC 11/15/24 PAY 11/15/24 RATE 0.00000000 QTY 0.00000000,,10.625,457985b068300ce91b85c08e97614cb005b2b21d39f569228e87d87734c1c73f,data/raw/etrade/account_history/20260614-205753-457985b06830-1003History.csv
2024-11-29,2024-11-29 03:00:00,900001003,x1003,Partnership / LLC / LLP - x1003,Interest Income,MORGAN STANLEY PRIVATE BANK NA (Period 11/01-11/30),,0.005,457985b068300ce91b85c08e97614cb005b2b21d39f569228e87d87734c1c73f,data/raw/etrade/account_history/20260614-205753-457985b06830-1003History.csv
2024-11-29,2024-11-29 03:00:00,900001004,x1004,Individual 401(k) - x1004,Interest Income,MORGAN STANLEY BANK N.A. (Period 11/01-11/30),,0.058,a0a44a54726c00643b105733ddbc6efde52249f05a827340583a61098fb433ea,data/raw/etrade/account_history/20260701-235622-a0a44a54726c-demo-b-History.csv
2024-12-10,2024-12-10 03:00:00,900001004,x1004,Individual 401(k) - x1004,Interest Income,MORGAN STANLEY BANK N.A. (Period 12/01-12/09),,0.017,a0a44a54726c00643b105733ddbc6efde52249f05a827340583a61098fb433ea,data/raw/etrade/account_history/20260701-235622-a0a44a54726c-demo-b-History.csv
2024-12-12,2024-12-12 03:00:00,900001003,x1003,Partnership / LLC / LLP - x1003,Qualified Dividend,MICROSOFT CORP REC 12/12/24 PAY 12/12/24 RATE 0.00000000 QTY 0.00000000,,2.241,457985b068300ce91b85c08e97614cb005b2b21d39f569228e87d87734c1c73f,data/raw/etrade/account_history/20260614-205753-457985b06830-1003History.csv
2024-12-16,2024-12-16 03:00:00,900001003,x1003,Partnership / LLC / LLP - x1003,Qualified Dividend,ALPHABET INC CL C REC 12/16/24 PAY 12/16/24 RATE 0.00000000 QTY 0.00000000,,1.66,457985b068300ce91b85c08e97614cb005b2b21d39f569228e87d87734c1c73f,data/raw/etrade/account_history/20260614-205753-457985b06830-1003History.csv
2024-12-16,2024-12-16 03:00:00,900001004,x1004,Individual 401(k) - x1004,Dividend,0 of SCHD @ $0,SCHD,28.09,a0a44a54726c00643b105733ddbc6efde52249f05a827340583a61098fb433ea,data/raw/etrade/account_history/20260701-235622-a0a44a54726c-demo-b-History.csv
2024-12-18,2024-12-18 03:00:00,900001003,x1003,Partnership / LLC / LLP - x1003,Qualified Dividend,POWELL IND INC REC 12/18/24 PAY 12/18/24 RATE 0.00000000 QTY 0.00000000,,4.187,457985b068300ce91b85c08e97614cb005b2b21d39f569228e87d87734c1c73f,data/raw/etrade/account_history/20260614-205753-457985b06830-1003History.csv
2024-12-18,2024-12-18 03:00:00,900001004,x1004,Individual 401(k) - x1004,Qualified Dividend,POWELL IND INC REC 12/18/24 PAY 12/18/24 RATE 0.00000000 QTY 0.00000000,,2.491,a0a44a54726c00643b105733ddbc6efde52249f05a827340583a61098fb433ea,data/raw/etrade/account_history/20260701-235622-a0a44a54726c-demo-b-History.csv
2024-12-26,2024-12-26 03:00:00,900001004,x1004,Individual 401(k) - x1004,Dividend,0 of VBR @ $0,VBR,24.659,a0a44a54726c00643b105733ddbc6efde52249f05a827340583a61098fb433ea,data/raw/etrade/account_history/20260701-235622-a0a44a54726c-demo-b-History.csv
2024-12-26,2024-12-26 03:00:00,900001004,x1004,Individual 401(k) - x1004,Dividend,0 of VUG @ $0,VUG,2.779,a0a44a54726c00643b105733ddbc6efde52249f05a827340583a61098fb433ea,data/raw/etrade/account_history/20260701-235622-a0a44a54726c-demo-b-History.csv
2024-12-31,2024-12-31 03:00:00,900001003,x1003,Partnership / LLC / LLP - x1003,Interest Income,MORGAN STANLEY PRIVATE BANK NA (Period 12/01-12/31),,0.002,457985b068300ce91b85c08e97614cb005b2b21d39f569228e87d87734c1c73f,data/raw/etrade/account_history/20260614-205753-457985b06830-1003History.csv
2025-01-31,2025-01-31 03:00:00,900001002,x1002,Individual Brokerage - x1002,Interest Income,MORGAN STANLEY BANK N.A. (Period 01/01-01/31),,0.001,7d7cfd27bcd87c409b3c08f7d6ff8bfdbbe41bd2ef331c2444845e0e17b01bbc,data/raw/etrade/account_history/20260614-205836-7d7cfd27bcd8-1002History.csv
2025-01-31,2025-01-31 03:00:00,900001003,x1003,Partnership / LLC / LLP - x1003,Qualified Dividend,ARGAN INC REC 01/31/25 PAY 01/31/25 RATE 0.00000000 QTY 0.00000000,,4.125,457985b068300ce91b85c08e97614cb005b2b21d39f569228e87d87734c1c73f,data/raw/etrade/account_history/20260614-205753-457985b06830-1003History.csv
2025-01-31,2025-01-31 03:00:00,900001003,x1003,Partnership / LLC / LLP - x1003,Interest Income,MORGAN STANLEY PRIVATE BANK NA (Period 01/01-01/31),,0.007,457985b068300ce91b85c08e97614cb005b2b21d39f569228e87d87734c1c73f,data/raw/etrade/account_history/20260614-205753-457985b06830-1003History.csv
2025-01-31,2025-01-31 03:00:00,900001004,x1004,Individual 401(k) - x1004,Interest Income,MORGAN STANLEY BANK N.A. (Period 01/01-01/31),,0.003,a0a44a54726c00643b105733ddbc6efde52249f05a827340583a61098fb433ea,data/raw/etrade/account_history/20260701-235622-a0a44a54726c-demo-b-History.csv
2025-02-18,2025-02-18 03:00:00,900001003,x1003,Partnership / LLC / LLP - x1003,Qualified Dividend,SYNCHRONY FINANCIAL REC 02/18/25 PAY 02/18/25 RATE 0.00000000 QTY 0.00000000,,6.875,457985b068300ce91b85c08e97614cb005b2b21d39f569228e87d87734c1c73f,data/raw/etrade/account_history/20260614-205753-457985b06830-1003History.csv
2025-02-28,2025-02-28 03:00:00,900001003,x1003,Partnership / LLC / LLP - x1003,Interest Income,MORGAN STANLEY PRIVATE BANK NA (Period 02/01-02/28),,0.001,457985b068300ce91b85c08e97614cb005b2b21d39f569228e87d87734c1c73f,data/raw/etrade/account_history/20260614-205753-457985b06830-1003History.csv
2025-02-28,2025-02-28 03:00:00,900001004,x1004,Individual 401(k) - x1004,Interest Income,MORGAN STANLEY BANK N.A. (Period 02/01-02/28),,0.006,a0a44a54726c00643b105733ddbc6efde52249f05a827340583a61098fb433ea,data/raw/etrade/account_history/20260701-235622-a0a44a54726c-demo-b-History.csv
2025-03-17,2025-03-17 03:00:00,900001003,x1003,Partnership / LLC / LLP - x1003,Qualified Dividend,ALPHABET INC CL C REC 03/17/25 PAY 03/17/25 RATE 0.00000000 QTY 0.00000000,,2.86,457985b068300ce91b85c08e97614cb005b2b21d39f569228e87d87734c1c73f,data/raw/etrade/account_history/20260614-205753-457985b06830-1003History.csv
2025-03-19,2025-03-19 03:00:00,900001003,x1003,Partnership / LLC / LLP - x1003,Qualified Dividend,POWELL IND INC REC 03/19/25 PAY 03/19/25 RATE 0.00000000 QTY 0.00000000,,3.424,457985b068300ce91b85c08e97614cb005b2b21d39f569228e87d87734c1c73f,data/raw/etrade/account_history/20260614-205753-457985b06830-1003History.csv
2025-03-19,2025-03-19 03:00:00,900001004,x1004,Individual 401(k) - x1004,Qualified Dividend,POWELL IND INC REC 03/19/25 PAY 03/19/25 RATE 0.00000000 QTY 0.00000000,,2.515,a0a44a54726c00643b105733ddbc6efde52249f05a827340583a61098fb433ea,data/raw/etrade/account_history/20260701-235622-a0a44a54726c-demo-b-History.csv
2025-03-21,2025-03-21 03:00:00,900001004,x1004,Individual 401(k) - x1004,Dividend,0 of IWF @ $0,IWF,2.692,a0a44a54726c00643b105733ddbc6efde52249f05a827340583a61098fb433ea,data/raw/etrade/account_history/20260701-235622-a0a44a54726c-demo-b-History.csv
2025-03-31,2025-03-31 03:00:00,900001003,x1003,Partnership / LLC / LLP - x1003,Interest Income,MORGAN STANLEY PRIVATE BANK NA (Period 03/01-03/31),,0.003,457985b068300ce91b85c08e97614cb005b2b21d39f569228e87d87734c1c73f,data/raw/etrade/account_history/20260614-205753-457985b06830-1003History.csv
2025-03-31,2025-03-31 03:00:00,900001004,x1004,Individual 401(k) - x1004,Dividend,0 of VUG @ $0,VUG,2.6,a0a44a54726c00643b105733ddbc6efde52249f05a827340583a61098fb433ea,data/raw/etrade/account_history/20260701-235622-a0a44a54726c-demo-b-History.csv
2025-03-31,2025-03-31 03:00:00,900001004,x1004,Individual 401(k) - x1004,Interest Income,MORGAN STANLEY BANK N.A. (Period 03/01-03/31),,0.006,a0a44a54726c00643b105733ddbc6efde52249f05a827340583a61098fb433ea,data/raw/etrade/account_history/20260701-235622-a0a44a54726c-demo-b-History.csv
2025-04-01,2025-04-01 03:00:00,900001004,x1004,Individual 401(k) - x1004,Qualified Dividend,ALLSTATE CORP REC 04/01/25 PAY 04/01/25 RATE 0.00000000 QTY 0.00000000,,6.2,a0a44a54726c00643b105733ddbc6efde52249f05a827340583a61098fb433ea,data/raw/etrade/account_history/20260701-235622-a0a44a54726c-demo-b-History.csv
2025-04-30,2025-04-30 03:00:00,900001003,x1003,Partnership / LLC / LLP - x1003,Qualified Dividend,ARGAN INC REC 04/30/25 PAY 04/30/25 RATE 0.00000000 QTY 0.00000000,,6.413,457985b068300ce91b85c08e97614cb005b2b21d39f569228e87d87734c1c73f,data/raw/etrade/account_history/20260614-205753-457985b06830-1003History.csv
2025-04-30,2025-04-30 03:00:00,900001003,x1003,Partnership / LLC / LLP - x1003,Interest Income,MORGAN STANLEY PRIVATE BANK NA (Period 04/01-04/30),,0.002,457985b068300ce91b85c08e97614cb005b2b21d39f569228e87d87734c1c73f,data/raw/etrade/account_history/20260614-205753-457985b06830-1003History.csv
2025-04-30,2025-04-30 03:00:00,900001004,x1004,Individual 401(k) - x1004,Interest Income,MORGAN STANLEY BANK N.A. (Period 04/01-04/30),,0.007,a0a44a54726c00643b105733ddbc6efde52249f05a827340583a61098fb433ea,data/raw/etrade/account_history/20260701-235622-a0a44a54726c-demo-b-History.csv
2025-05-05,2025-05-05 03:00:00,900001003,x1003,Partnership / LLC / LLP - x1003,Dividend,0 of VGSH @ $0,VGSH,3.47,457985b068300ce91b85c08e97614cb005b2b21d39f569228e87d87734c1c73f,data/raw/etrade/account_history/20260614-205753-457985b06830-1003History.csv
2025-05-15,2025-05-15 03:00:00,900001003,x1003,Partnership / LLC / LLP - x1003,Qualified Dividend,SYNCHRONY FINANCIAL REC 05/15/25 PAY 05/15/25 RATE 0.00000000 QTY 0.00000000,,8.25,457985b068300ce91b85c08e97614cb005b2b21d39f569228e87d87734c1c73f,data/raw/etrade/account_history/20260614-205753-457985b06830-1003History.csv
2025-05-30,2025-05-30 03:00:00,900001003,x1003,Partnership / LLC / LLP - x1003,Interest Income,MORGAN STANLEY PRIVATE BANK NA (Period 05/01-05/31),,0.001,457985b068300ce91b85c08e97614cb005b2b21d39f569228e87d87734c1c73f,data/raw/etrade/account_history/20260614-205753-457985b06830-1003History.csv
2025-05-30,2025-05-30 03:00:00,900001004,x1004,Individual 401(k) - x1004,Interest Income,MORGAN STANLEY BANK N.A. (Period 05/01-05/31),,0.021,a0a44a54726c00643b105733ddbc6efde52249f05a827340583a61098fb433ea,data/raw/etrade/account_history/20260701-235622-a0a44a54726c-demo-b-History.csv
2025-06-04,2025-06-04 03:00:00,900001003,x1003,Partnership / LLC / LLP - x1003,Dividend,0 of VGSH @ $0,VGSH,3.581,457985b068300ce91b85c08e97614cb005b2b21d39f569228e87d87734c1c73f,data/raw/etrade/account_history/20260614-205753-457985b06830-1003History.csv
2025-06-16,2025-06-16 03:00:00,900001003,x1003,Partnership / LLC / LLP - x1003,Qualified Dividend,ALPHABET INC CL C REC 06/16/25 PAY 06/16/25 RATE 0.00000000 QTY 0.00000000,,0.168,457985b068300ce91b85c08e97614cb005b2b21d39f569228e87d87734c1c73f,data/raw/etrade/account_history/20260614-205753-457985b06830-1003History.csv
2025-06-18,2025-06-18 03:00:00,900001003,x1003,Partnership / LLC / LLP - x1003,Qualified Dividend,POWELL IND INC REC 06/18/25 PAY 06/18/25 RATE 0.00000000 QTY 0.00000000,,3.157,457985b068300ce91b85c08e97614cb005b2b21d39f569228e87d87734c1c73f,data/raw/etrade/account_history/20260614-205753-457985b06830-1003History.csv
2025-06-18,2025-06-18 03:00:00,900001004,x1004,Individual 401(k) - x1004,Qualified Dividend,POWELL IND INC REC 06/18/25 PAY 06/18/25 RATE 0.00000000 QTY 0.00000000,,2.515,a0a44a54726c00643b105733ddbc6efde52249f05a827340583a61098fb433ea,data/raw/etrade/account_history/20260701-235622-a0a44a54726c-demo-b-History.csv
2025-06-20,2025-06-20 03:00:00,900001004,x1004,Individual 401(k) - x1004,Dividend,0 of IWF @ $0,IWF,1.577,a0a44a54726c00643b105733ddbc6efde52249f05a827340583a61098fb433ea,data/raw/etrade/account_history/20260701-235622-a0a44a54726c-demo-b-History.csv
2025-06-30,2025-06-30 03:00:00,900001002,x1002,Individual Brokerage - x1002,Interest Income,MORGAN STANLEY BANK N.A. (Period 06/01-06/30),,0.001,7d7cfd27bcd87c409b3c08f7d6ff8bfdbbe41bd2ef331c2444845e0e17b01bbc,data/raw/etrade/account_history/20260614-205836-7d7cfd27bcd8-1002History.csv
2025-06-30,2025-06-30 03:00:00,900001003,x1003,Partnership / LLC / LLP - x1003,Interest Income,MORGAN STANLEY PRIVATE BANK NA (Period 06/01-06/30),,0.002,457985b068300ce91b85c08e97614cb005b2b21d39f569228e87d87734c1c73f,data/raw/etrade/account_history/20260614-205753-457985b06830-1003History.csv
2025-06-30,2025-06-30 03:00:00,900001004,x1004,Individual 401(k) - x1004,Interest Income,MORGAN STANLEY BANK N.A. (Period 06/01-06/30),,0.025,a0a44a54726c00643b105733ddbc6efde52249f05a827340583a61098fb433ea,data/raw/etrade/account_history/20260701-235622-a0a44a54726c-demo-b-History.csv
2025-07-01,2025-07-01 03:00:00,900001003,x1003,Partnership / LLC / LLP - x1003,Dividend,0 of QQQE @ $0,QQQE,0.355,457985b068300ce91b85c08e97614cb005b2b21d39f569228e87d87734c1c73f,data/raw/etrade/account_history/20260614-205753-457985b06830-1003History.csv
2025-07-01,2025-07-01 03:00:00,900001004,x1004,Individual 401(k) - x1004,Qualified Dividend,ALLSTATE CORP REC 07/01/25 PAY 07/01/25 RATE 0.00000000 QTY 0.00000000,,3,a0a44a54726c00643b105733ddbc6efde52249f05a827340583a61098fb433ea,data/raw/etrade/account_history/20260701-235622-a0a44a54726c-demo-b-History.csv
2025-07-07,2025-07-07 03:00:00,900001003,x1003,Partnership / LLC / LLP - x1003,Dividend,0 of SHLD @ $0,SHLD,4.155,457985b068300ce91b85c08e97614cb005b2b21d39f569228e87d87734c1c73f,data/raw/etrade/account_history/20260614-205753-457985b06830-1003History.csv
2025-07-07,2025-07-07 03:00:00,900001004,x1004,Individual 401(k) - x1004,Dividend,0 of SHLD @ $0,SHLD,3.917,a0a44a54726c00643b105733ddbc6efde52249f05a827340583a61098fb433ea,data/raw/etrade/account_history/20260701-235622-a0a44a54726c-demo-b-History.csv
2025-07-31,2025-07-31 03:00:00,900001003,x1003,Partnership / LLC / LLP - x1003,Dividend,0 of QQQ @ $0,QQQ,1.478,457985b068300ce91b85c08e97614cb005b2b21d39f569228e87d87734c1c73f,data/raw/etrade/account_history/20260614-205753-457985b06830-1003History.csv
2025-07-31,2025-07-31 03:00:00,900001003,x1003,Partnership / LLC / LLP - x1003,Qualified Dividend,ARGAN INC REC 07/31/25 PAY 07/31/25 RATE 0.00000000 QTY 0.00000000,,4.5,457985b068300ce91b85c08e97614cb005b2b21d39f569228e87d87734c1c73f,data/raw/etrade/account_history/20260614-205753-457985b06830-1003History.csv
2025-07-31,2025-07-31 03:00:00,900001003,x1003,Partnership / LLC / LLP - x1003,Interest Income,MORGAN STANLEY PRIVATE BANK NA (Period 07/01-07/31),,0.001,457985b068300ce91b85c08e97614cb005b2b21d39f569228e87d87734c1c73f,data/raw/etrade/account_history/20260614-205753-457985b06830-1003History.csv
2025-07-31,2025-07-31 03:00:00,900001004,x1004,Individual 401(k) - x1004,Interest Income,MORGAN STANLEY BANK N.A. (Period 07/01-07/31),,0.004,a0a44a54726c00643b105733ddbc6efde52249f05a827340583a61098fb433ea,data/raw/etrade/account_history/20260701-235622-a0a44a54726c-demo-b-History.csv
2025-08-15,2025-08-15 03:00:00,900001003,x1003,Partnership / LLC / LLP - x1003,Qualified Dividend,SYNCHRONY FINANCIAL REC 08/15/25 PAY 08/15/25 RATE 0.00000000 QTY 0.00000000,,9.75,457985b068300ce91b85c08e97614cb005b2b21d39f569228e87d87734c1c73f,data/raw/etrade/account_history/20260614-205753-457985b06830-1003History.csv
2025-08-29,2025-08-29 03:00:00,900001003,x1003,Partnership / LLC / LLP - x1003,Interest Income,MORGAN STANLEY PRIVATE BANK NA (Period 08/01-08/31),,0.001,457985b068300ce91b85c08e97614cb005b2b21d39f569228e87d87734c1c73f,data/raw/etrade/account_history/20260614-205753-457985b06830-1003History.csv
2025-08-29,2025-08-29 03:00:00,900001004,x1004,Individual 401(k) - x1004,Interest Income,MORGAN STANLEY BANK N.A. (Period 08/01-08/31),,0.004,a0a44a54726c00643b105733ddbc6efde52249f05a827340583a61098fb433ea,data/raw/etrade/account_history/20260701-235622-a0a44a54726c-demo-b-History.csv
2025-09-17,2025-09-17 03:00:00,900001003,x1003,Partnership / LLC / LLP - x1003,Qualified Dividend,POWELL IND INC REC 09/17/25 PAY 09/17/25 RATE 0.00000000 QTY 0.00000000,,3.371,457985b068300ce91b85c08e97614cb005b2b21d39f569228e87d87734c1c73f,data/raw/etrade/account_history/20260614-205753-457985b06830-1003History.csv
2025-09-17,2025-09-17 03:00:00,900001004,x1004,Individual 401(k) - x1004,Qualified Dividend,POWELL IND INC REC 09/17/25 PAY 09/17/25 RATE 0.00000000 QTY 0.00000000,,2.515,a0a44a54726c00643b105733ddbc6efde52249f05a827340583a61098fb433ea,data/raw/etrade/account_history/20260701-235622-a0a44a54726c-demo-b-History.csv
2025-09-19,2025-09-19 03:00:00,900001003,x1003,Partnership / LLC / LLP - x1003,Interest Income,MORGAN STANLEY PRIVATE BANK NA (Period 09/01-09/18),,0.002,457985b068300ce91b85c08e97614cb005b2b21d39f569228e87d87734c1c73f,data/raw/etrade/account_history/20260614-205753-457985b06830-1003History.csv
2025-09-30,2025-09-30 03:00:00,900001003,x1003,Partnership / LLC / LLP - x1003,Interest Income,MORGAN STANLEY PRIVATE BANK NA (Period 09/22-09/30),,0.001,457985b068300ce91b85c08e97614cb005b2b21d39f569228e87d87734c1c73f,data/raw/etrade/account_history/20260614-205753-457985b06830-1003History.csv
2025-09-30,2025-09-30 03:00:00,900001004,x1004,Individual 401(k) - x1004,Interest Income,MORGAN STANLEY BANK N.A. (Period 09/01-09/30),,0.008,a0a44a54726c00643b105733ddbc6efde52249f05a827340583a61098fb433ea,data/raw/etrade/account_history/20260701-235622-a0a44a54726c-demo-b-History.csv
2025-10-01,2025-10-01 03:00:00,900001004,x1004,Individual 401(k) - x1004,Qualified Dividend,ALLSTATE CORP REC 10/01/25 PAY 10/01/25 RATE 0.00000000 QTY 0.00000000,,3,a0a44a54726c00643b105733ddbc6efde52249f05a827340583a61098fb433ea,data/raw/etrade/account_history/20260701-235622-a0a44a54726c-demo-b-History.csv
2025-10-28,2025-10-28 03:00:00,900001004,x1004,Individual 401(k) - x1004,Interest Income,MORGAN STANLEY BANK N.A. (Period 10/01-10/27),,0.018,a0a44a54726c00643b105733ddbc6efde52249f05a827340583a61098fb433ea,data/raw/etrade/account_history/20260701-235622-a0a44a54726c-demo-b-History.csv
2025-10-30,2025-10-30 03:00:00,900001004,x1004,Individual 401(k) - x1004,Dividend,0 of GDE @ $0,GDE,153.72,a0a44a54726c00643b105733ddbc6efde52249f05a827340583a61098fb433ea,data/raw/etrade/account_history/20260701-235622-a0a44a54726c-demo-b-History.csv
2025-10-30,2025-10-30 03:00:00,900001004,x1004,Individual 401(k) - x1004,Dividend,0 of GDMN @ $0,GDMN,20.565,a0a44a54726c00643b105733ddbc6efde52249f05a827340583a61098fb433ea,data/raw/etrade/account_history/20260701-235622-a0a44a54726c-demo-b-History.csv
2025-10-31,2025-10-31 03:00:00,900001003,x1003,Partnership / LLC / LLP - x1003,Qualified Dividend,ARGAN INC REC 10/31/25 PAY 10/31/25 RATE 0.00000000 QTY 0.00000000,,6,457985b068300ce91b85c08e97614cb005b2b21d39f569228e87d87734c1c73f,data/raw/etrade/account_history/20260614-205753-457985b06830-1003History.csv
2025-10-31,2025-10-31 03:00:00,900001003,x1003,Partnership / LLC / LLP - x1003,Interest Income,MORGAN STANLEY PRIVATE BANK NA (Period 10/01-10/31),,0.001,457985b068300ce91b85c08e97614cb005b2b21d39f569228e87d87734c1c73f,data/raw/etrade/account_history/20260614-205753-457985b06830-1003History.csv
2025-11-05,2025-11-05 03:00:00,900001004,x1004,Individual 401(k) - x1004,Dividend,0 of VGSH @ $0,VGSH,3.304,a0a44a54726c00643b105733ddbc6efde52249f05a827340583a61098fb433ea,data/raw/etrade/account_history/20260701-235622-a0a44a54726c-demo-b-History.csv
2025-11-17,2025-11-17 03:00:00,900001003,x1003,Partnership / LLC / LLP - x1003,Qualified Dividend,SYNCHRONY FINANCIAL REC 11/17/25 PAY 11/17/25 RATE 0.00000000 QTY 0.00000000,,7.5,457985b068300ce91b85c08e97614cb005b2b21d39f569228e87d87734c1c73f,data/raw/etrade/account_history/20260614-205753-457985b06830-1003History.csv
2025-11-28,2025-11-28 03:00:00,900001004,x1004,Individual 401(k) - x1004,Interest Income,MORGAN STANLEY BANK N.A. (Period 11/01-11/30),,0.009,a0a44a54726c00643b105733ddbc6efde52249f05a827340583a61098fb433ea,data/raw/etrade/account_history/20260701-235622-a0a44a54726c-demo-b-History.csv
2025-12-03,2025-12-03 03:00:00,900001004,x1004,Individual 401(k) - x1004,Dividend,0 of VGSH @ $0,VGSH,3.245,a0a44a54726c00643b105733ddbc6efde52249f05a827340583a61098fb433ea,data/raw/etrade/account_history/20260701-235622-a0a44a54726c-demo-b-History.csv
2025-12-15,2025-12-15 03:00:00,900001003,x1003,Partnership / LLC / LLP - x1003,Qualified Dividend,ALPHABET INC CL C REC 12/15/25 PAY 12/15/25 RATE 0.00000000 QTY 0.00000000,,0.21,457985b068300ce91b85c08e97614cb005b2b21d39f569228e87d87734c1c73f,data/raw/etrade/account_history/20260614-205753-457985b06830-1003History.csv
2025-12-17,2025-12-17 03:00:00,900001003,x1003,Partnership / LLC / LLP - x1003,Qualified Dividend,POWELL IND INC REC 12/17/25 PAY 12/17/25 RATE 0.00000000 QTY 0.00000000,,0.535,457985b068300ce91b85c08e97614cb005b2b21d39f569228e87d87734c1c73f,data/raw/etrade/account_history/20260614-205753-457985b06830-1003History.csv
2025-12-17,2025-12-17 03:00:00,900001004,x1004,Individual 401(k) - x1004,Qualified Dividend,POWELL IND INC REC 12/17/25 PAY 12/17/25 RATE 0.00000000 QTY 0.00000000,,0.803,a0a44a54726c00643b105733ddbc6efde52249f05a827340583a61098fb433ea,data/raw/etrade/account_history/20260701-235622-a0a44a54726c-demo-b-History.csv
2025-12-22,2025-12-22 03:00:00,900001002,x1002,Individual Brokerage - x1002,Qualified Dividend,NEWMONT CORPORATION REC 12/22/25 PAY 12/22/25 RATE 0.00000000 QTY 0.00000000,,0.025,7d7cfd27bcd87c409b3c08f7d6ff8bfdbbe41bd2ef331c2444845e0e17b01bbc,data/raw/etrade/account_history/20260614-205836-7d7cfd27bcd8-1002History.csv
2025-12-22,2025-12-22 03:00:00,900001004,x1004,Individual 401(k) - x1004,Dividend,0 of VGSH @ $0,VGSH,3.33,a0a44a54726c00643b105733ddbc6efde52249f05a827340583a61098fb433ea,data/raw/etrade/account_history/20260701-235622-a0a44a54726c-demo-b-History.csv
2025-12-24,2025-12-24 03:00:00,900001004,x1004,Individual 401(k) - x1004,Dividend,0 of VOO @ $0,VOO,1.948,a0a44a54726c00643b105733ddbc6efde52249f05a827340583a61098fb433ea,data/raw/etrade/account_history/20260701-235622-a0a44a54726c-demo-b-History.csv
2025-12-24,2025-12-24 03:00:00,900001004,x1004,Individual 401(k) - x1004,Dividend,0 of VTI @ $0,VTI,4.279,a0a44a54726c00643b105733ddbc6efde52249f05a827340583a61098fb433ea,data/raw/etrade/account_history/20260701-235622-a0a44a54726c-demo-b-History.csv
2025-12-26,2025-12-26 03:00:00,900001003,x1003,Partnership / LLC / LLP - x1003,Dividend,0 of SPMO @ $0,SPMO,0.727,457985b068300ce91b85c08e97614cb005b2b21d39f569228e87d87734c1c73f,data/raw/etrade/account_history/20260614-205753-457985b06830-1003History.csv
2025-12-30,2025-12-30 03:00:00,900001003,x1003,Partnership / LLC / LLP - x1003,Dividend,0 of GDMN @ $0,GDMN,1.185,457985b068300ce91b85c08e97614cb005b2b21d39f569228e87d87734c1c73f,data/raw/etrade/account_history/20260614-205753-457985b06830-1003History.csv
2025-12-30,2025-12-30 03:00:00,900001004,x1004,Individual 401(k) - x1004,Dividend,0 of GDE @ $0,GDE,2.845,a0a44a54726c00643b105733ddbc6efde52249f05a827340583a61098fb433ea,data/raw/etrade/account_history/20260701-235622-a0a44a54726c-demo-b-History.csv
2025-12-30,2025-12-30 03:00:00,900001004,x1004,Individual 401(k) - x1004,Dividend,0 of GDMN @ $0,GDMN,0.912,a0a44a54726c00643b105733ddbc6efde52249f05a827340583a61098fb433ea,data/raw/etrade/account_history/20260701-235622-a0a44a54726c-demo-b-History.csv
2025-12-31,2025-12-31 03:00:00,900001003,x1003,Partnership / LLC / LLP - x1003,Interest Income,MORGAN STANLEY PRIVATE BANK NA (Period 12/01-12/31),,0.004,457985b068300ce91b85c08e97614cb005b2b21d39f569228e87d87734c1c73f,data/raw/etrade/account_history/20260614-205753-457985b06830-1003History.csv
2025-12-31,2025-12-31 03:00:00,900001004,x1004,Individual 401(k) - x1004,Dividend,0 of NUKZ @ $0,NUKZ,9.537,a0a44a54726c00643b105733ddbc6efde52249f05a827340583a61098fb433ea,data/raw/etrade/account_history/20260701-235622-a0a44a54726c-demo-b-History.csv
2025-12-31,2025-12-31 03:00:00,900001004,x1004,Individual 401(k) - x1004,Interest Income,MORGAN STANLEY BANK N.A. (Period 12/01-12/31),,0.031,a0a44a54726c00643b105733ddbc6efde52249f05a827340583a61098fb433ea,data/raw/etrade/account_history/20260701-235622-a0a44a54726c-demo-b-History.csv
2026-01-02,2026-01-02 03:00:00,900001004,x1004,Individual 401(k) - x1004,Qualified Dividend,ALLSTATE CORP REC 01/02/26 PAY 01/02/26 RATE 0.00000000 QTY 0.00000000,,3,a0a44a54726c00643b105733ddbc6efde52249f05a827340583a61098fb433ea,data/raw/etrade/account_history/20260701-235622-a0a44a54726c-demo-b-History.csv
2026-01-07,2026-01-07 03:00:00,900001003,x1003,Partnership / LLC / LLP - x1003,Dividend,0 of SHLD @ $0,SHLD,0.453,457985b068300ce91b85c08e97614cb005b2b21d39f569228e87d87734c1c73f,data/raw/etrade/account_history/20260614-205753-457985b06830-1003History.csv
2026-01-07,2026-01-07 03:00:00,900001003,x1003,Partnership / LLC / LLP - x1003,Dividend,0 of SHLD @ $0,SHLD,7.854,457985b068300ce91b85c08e97614cb005b2b21d39f569228e87d87734c1c73f,data/raw/etrade/account_history/20260614-205753-457985b06830-1003History.csv
2026-01-07,2026-01-07 03:00:00,900001004,x1004,Individual 401(k) - x1004,Dividend,0 of SHLD @ $0,SHLD,7.405,a0a44a54726c00643b105733ddbc6efde52249f05a827340583a61098fb433ea,data/raw/etrade/account_history/20260701-235622-a0a44a54726c-demo-b-History.csv
2026-01-07,2026-01-07 03:00:00,900001004,x1004,Individual 401(k) - x1004,Dividend,0 of SHLD @ $0,SHLD,0.427,a0a44a54726c00643b105733ddbc6efde52249f05a827340583a61098fb433ea,data/raw/etrade/account_history/20260701-235622-a0a44a54726c-demo-b-History.csv
2026-01-27,2026-01-27 03:00:00,900001002,x1002,Individual Brokerage - x1002,Interest Income,MORGAN STANLEY BANK N.A. (Period 01/01-01/26),,0.001,7d7cfd27bcd87c409b3c08f7d6ff8bfdbbe41bd2ef331c2444845e0e17b01bbc,data/raw/etrade/account_history/20260614-205836-7d7cfd27bcd8-1002History.csv
2026-01-30,2026-01-30 03:00:00,900001002,x1002,Individual Brokerage - x1002,Margin Interest,Thru 01/31/26 for 1 days,,-0.082,7d7cfd27bcd87c409b3c08f7d6ff8bfdbbe41bd2ef331c2444845e0e17b01bbc,data/raw/etrade/account_history/20260614-205836-7d7cfd27bcd8-1002History.csv
2026-01-30,2026-01-30 03:00:00,900001003,x1003,Partnership / LLC / LLP - x1003,Qualified Dividend,ARGAN INC REC 01/30/26 PAY 01/30/26 RATE 0.00000000 QTY 0.00000000,,3.5,457985b068300ce91b85c08e97614cb005b2b21d39f569228e87d87734c1c73f,data/raw/etrade/account_history/20260614-205753-457985b06830-1003History.csv
2026-01-30,2026-01-30 03:00:00,900001003,x1003,Partnership / LLC / LLP - x1003,Interest Income,MORGAN STANLEY PRIVATE BANK NA (Period 01/01-01/31),,0.003,457985b068300ce91b85c08e97614cb005b2b21d39f569228e87d87734c1c73f,data/raw/etrade/account_history/20260614-205753-457985b06830-1003History.csv
2026-01-30,2026-01-30 03:00:00,900001004,x1004,Individual 401(k) - x1004,Interest Income,MORGAN STANLEY BANK N.A. (Period 01/01-01/31),,0.033,a0a44a54726c00643b105733ddbc6efde52249f05a827340583a61098fb433ea,data/raw/etrade/account_history/20260701-235622-a0a44a54726c-demo-b-History.csv
2026-02-04,2026-02-04 03:00:00,900001003,x1003,Partnership / LLC / LLP - x1003,Dividend,0 of VGSH @ $0,VGSH,0.927,457985b068300ce91b85c08e97614cb005b2b21d39f569228e87d87734c1c73f,data/raw/etrade/account_history/20260614-205753-457985b06830-1003History.csv
2026-02-04,2026-02-04 03:00:00,900001004,x1004,Individual 401(k) - x1004,Dividend,0 of VGSH @ $0,VGSH,6.915,a0a44a54726c00643b105733ddbc6efde52249f05a827340583a61098fb433ea,data/raw/etrade/account_history/20260701-235622-a0a44a54726c-demo-b-History.csv
2026-02-12,2026-02-12 03:00:00,900001004,x1004,Individual 401(k) - x1004,Qualified Dividend,GLOBAL X MLP ETF,,10,a0a44a54726c00643b105733ddbc6efde52249f05a827340583a61098fb433ea,data/raw/etrade/account_history/20260701-235622-a0a44a54726c-demo-b-History.csv
2026-02-17,2026-02-17 03:00:00,900001003,x1003,Partnership / LLC / LLP - x1003,Qualified Dividend,SYNCHRONY FINANCIAL REC 02/17/26 PAY 02/17/26 RATE 0.00000000 QTY 0.00000000,,6,457985b068300ce91b85c08e97614cb005b2b21d39f569228e87d87734c1c73f,data/raw/etrade/account_history/20260614-205753-457985b06830-1003History.csv
2026-02-19,2026-02-19 03:00:00,900001004,x1004,Individual 401(k) - x1004,Dividend,0 of ET @ $0,ET,16.75,a0a44a54726c00643b105733ddbc6efde52249f05a827340583a61098fb433ea,data/raw/etrade/account_history/20260701-235622-a0a44a54726c-demo-b-History.csv
2026-02-27,2026-02-27 03:00:00,900001002,x1002,Individual Brokerage - x1002,Margin Interest,Thru 02/28/26 for 13 days,,-1.293,7d7cfd27bcd87c409b3c08f7d6ff8bfdbbe41bd2ef331c2444845e0e17b01bbc,data/raw/etrade/account_history/20260614-205836-7d7cfd27bcd8-1002History.csv
2026-02-27,2026-02-27 03:00:00,900001003,x1003,Partnership / LLC / LLP - x1003,Interest Income,MORGAN STANLEY PRIVATE BANK NA (Period 02/01-02/28),,0.004,457985b068300ce91b85c08e97614cb005b2b21d39f569228e87d87734c1c73f,data/raw/etrade/account_history/20260614-205753-457985b06830-1003History.csv
2026-02-27,2026-02-27 03:00:00,900001004,x1004,Individual 401(k) - x1004,Interest Income,MORGAN STANLEY BANK N.A. (Period 02/01-02/28),,0.017,a0a44a54726c00643b105733ddbc6efde52249f05a827340583a61098fb433ea,data/raw/etrade/account_history/20260701-235622-a0a44a54726c-demo-b-History.csv
2026-03-02,2026-03-02 03:00:00,900001003,x1003,Partnership / LLC / LLP - x1003,Interest Income,EAID:100042256278 T MOBILE USA INC 6250 *69SP01 Rate:0.3906 USD PD:20260302,,7.422,457985b068300ce91b85c08e97614cb005b2b21d39f569228e87d87734c1c73f,data/raw/etrade/account_history/20260614-205753-457985b06830-1003History.csv
2026-03-02,2026-03-02 03:00:00,900001004,x1004,Individual 401(k) - x1004,Interest Income,EAID:100042256250 T MOBILE USA INC 5500 *70JN01 Rate:0.3438 USD PD:20260302,,37.469,a0a44a54726c00643b105733ddbc6efde52249f05a827340583a61098fb433ea,data/raw/etrade/account_history/20260701-235622-a0a44a54726c-demo-b-History.csv
2026-03-04,2026-03-04 03:00:00,900001004,x1004,Individual 401(k) - x1004,Dividend,0 of VGSH @ $0,VGSH,3.646,a0a44a54726c00643b105733ddbc6efde52249f05a827340583a61098fb433ea,data/raw/etrade/account_history/20260701-235622-a0a44a54726c-demo-b-History.csv
2026-03-19,2026-03-19 03:00:00,900001004,x1004,Individual 401(k) - x1004,Qualified Dividend,GENERAL MTRS CO REC 03/19/26 PAY 03/19/26 RATE 0.00000000 QTY 0.00000000,,1.62,a0a44a54726c00643b105733ddbc6efde52249f05a827340583a61098fb433ea,data/raw/etrade/account_history/20260701-235622-a0a44a54726c-demo-b-History.csv
2026-03-20,2026-03-20 03:00:00,900001004,x1004,Individual 401(k) - x1004,Dividend,0 of IFRA @ $0,IFRA,5.224,a0a44a54726c00643b105733ddbc6efde52249f05a827340583a61098fb433ea,data/raw/etrade/account_history/20260701-235622-a0a44a54726c-demo-b-History.csv
2026-03-24,2026-03-24 03:00:00,900001004,x1004,Individual 401(k) - x1004,Dividend,0 of VT @ $0,VT,0.818,a0a44a54726c00643b105733ddbc6efde52249f05a827340583a61098fb433ea,data/raw/etrade/account_history/20260701-235622-a0a44a54726c-demo-b-History.csv
2026-03-26,2026-03-26 03:00:00,900001003,x1003,Partnership / LLC / LLP - x1003,Dividend,0 of VOOV @ $0,VOOV,2.795,457985b068300ce91b85c08e97614cb005b2b21d39f569228e87d87734c1c73f,data/raw/etrade/account_history/20260614-205753-457985b06830-1003History.csv
2026-03-26,2026-03-26 03:00:00,900001004,x1004,Individual 401(k) - x1004,Dividend,0 of VOOV @ $0,VOOV,2.143,a0a44a54726c00643b105733ddbc6efde52249f05a827340583a61098fb433ea,data/raw/etrade/account_history/20260701-235622-a0a44a54726c-demo-b-History.csv
2026-03-30,2026-03-30 03:00:00,900001004,x1004,Individual 401(k) - x1004,Dividend,0 of OPPJ @ $0,OPPJ,0.22,a0a44a54726c00643b105733ddbc6efde52249f05a827340583a61098fb433ea,data/raw/etrade/account_history/20260701-235622-a0a44a54726c-demo-b-History.csv
2026-03-31,2026-03-31 03:00:00,900001002,x1002,Individual Brokerage - x1002,Margin Interest,Thru 03/31/26 for 13 days,,-0.293,7d7cfd27bcd87c409b3c08f7d6ff8bfdbbe41bd2ef331c2444845e0e17b01bbc,data/raw/etrade/account_history/20260614-205836-7d7cfd27bcd8-1002History.csv
2026-03-31,2026-03-31 03:00:00,900001003,x1003,Partnership / LLC / LLP - x1003,Interest Income,MORGAN STANLEY PRIVATE BANK NA (Period 03/01-03/31),,0.002,457985b068300ce91b85c08e97614cb005b2b21d39f569228e87d87734c1c73f,data/raw/etrade/account_history/20260614-205753-457985b06830-1003History.csv
2026-03-31,2026-03-31 03:00:00,900001004,x1004,Individual 401(k) - x1004,Dividend,0 of VTI @ $0,VTI,3.494,a0a44a54726c00643b105733ddbc6efde52249f05a827340583a61098fb433ea,data/raw/etrade/account_history/20260701-235622-a0a44a54726c-demo-b-History.csv
2026-03-31,2026-03-31 03:00:00,900001004,x1004,Individual 401(k) - x1004,Interest Income,MORGAN STANLEY BANK N.A. (Period 03/01-03/31),,0.01,a0a44a54726c00643b105733ddbc6efde52249f05a827340583a61098fb433ea,data/raw/etrade/account_history/20260701-235622-a0a44a54726c-demo-b-History.csv
2026-04-01,2026-04-01 03:00:00,900001003,x1003,Partnership / LLC / LLP - x1003,Dividend,0 of CGDV @ $0,CGDV,0.827,457985b068300ce91b85c08e97614cb005b2b21d39f569228e87d87734c1c73f,data/raw/etrade/account_history/20260614-205753-457985b06830-1003History.csv
2026-04-01,2026-04-01 03:00:00,900001004,x1004,Individual 401(k) - x1004,Dividend,0 of CGDV @ $0,CGDV,2.647,a0a44a54726c00643b105733ddbc6efde52249f05a827340583a61098fb433ea,data/raw/etrade/account_history/20260701-235622-a0a44a54726c-demo-b-History.csv
2026-04-06,2026-04-06 03:00:00,900001004,x1004,Individual 401(k) - x1004,Dividend,0 of VGSH @ $0,VGSH,3.432,a0a44a54726c00643b105733ddbc6efde52249f05a827340583a61098fb433ea,data/raw/etrade/account_history/20260701-235622-a0a44a54726c-demo-b-History.csv
2026-04-15,2026-04-15 03:00:00,900001002,x1002,Individual Brokerage - x1002,Qualified Dividend,MICRON TECH INC REC 04/15/26 PAY 04/15/26 RATE 0.00000000 QTY 0.00000000,,0.075,7d7cfd27bcd87c409b3c08f7d6ff8bfdbbe41bd2ef331c2444845e0e17b01bbc,data/raw/etrade/account_history/20260614-205836-7d7cfd27bcd8-1002History.csv
2026-04-15,2026-04-15 03:00:00,900001003,x1003,Partnership / LLC / LLP - x1003,Qualified Dividend,MICRON TECH INC REC 04/15/26 PAY 04/15/26 RATE 0.00000000 QTY 0.00000000,,0.075,457985b068300ce91b85c08e97614cb005b2b21d39f569228e87d87734c1c73f,data/raw/etrade/account_history/20260614-205753-457985b06830-1003History.csv
2026-04-15,2026-04-15 03:00:00,900001004,x1004,Individual 401(k) - x1004,Qualified Dividend,MICRON TECH INC REC 04/15/26 PAY 04/15/26 RATE 0.00000000 QTY 0.00000000,,0.15,a0a44a54726c00643b105733ddbc6efde52249f05a827340583a61098fb433ea,data/raw/etrade/account_history/20260701-235622-a0a44a54726c-demo-b-History.csv
2026-04-29,2026-04-29 03:00:00,900001004,x1004,Individual 401(k) - x1004,Dividend,0 of TIMB @ $0,TIMB,0,a0a44a54726c00643b105733ddbc6efde52249f05a827340583a61098fb433ea,data/raw/etrade/account_history/20260701-235622-a0a44a54726c-demo-b-History.csv
2026-04-29,2026-04-29 03:00:00,900001004,x1004,Individual 401(k) - x1004,Qualified Dividend,TIM S A ADR REC 04/29/26 PAY 04/29/26 RATE 0.00000000 QTY 0.00000000,,2.166,a0a44a54726c00643b105733ddbc6efde52249f05a827340583a61098fb433ea,data/raw/etrade/account_history/20260701-235622-a0a44a54726c-demo-b-History.csv
2026-04-30,2026-04-30 03:00:00,900001002,x1002,Individual Brokerage - x1002,Margin Interest,Thru 04/30/26 for 5 days,,-0.14,7d7cfd27bcd87c409b3c08f7d6ff8bfdbbe41bd2ef331c2444845e0e17b01bbc,data/raw/etrade/account_history/20260614-205836-7d7cfd27bcd8-1002History.csv
2026-04-30,2026-04-30 03:00:00,900001003,x1003,Partnership / LLC / LLP - x1003,Qualified Dividend,ARGAN INC REC 04/30/26 PAY 04/30/26 RATE 0.00000000 QTY 0.00000000,,1.15,457985b068300ce91b85c08e97614cb005b2b21d39f569228e87d87734c1c73f,data/raw/etrade/account_history/20260614-205753-457985b06830-1003History.csv
2026-04-30,2026-04-30 03:00:00,900001003,x1003,Partnership / LLC / LLP - x1003,Interest Income,MORGAN STANLEY PRIVATE BANK NA (Period 04/01-04/30),,0.004,457985b068300ce91b85c08e97614cb005b2b21d39f569228e87d87734c1c73f,data/raw/etrade/account_history/20260614-205753-457985b06830-1003History.csv
2026-04-30,2026-04-30 03:00:00,900001004,x1004,Individual 401(k) - x1004,Interest Income,MORGAN STANLEY BANK N.A. (Period 04/01-04/30),,0.016,a0a44a54726c00643b105733ddbc6efde52249f05a827340583a61098fb433ea,data/raw/etrade/account_history/20260701-235622-a0a44a54726c-demo-b-History.csv
2026-05-07,2026-05-07 03:00:00,900001004,x1004,Individual 401(k) - x1004,Dividend,0 of SCHP @ $0,SCHP,2.874,a0a44a54726c00643b105733ddbc6efde52249f05a827340583a61098fb433ea,data/raw/etrade/account_history/20260701-235622-a0a44a54726c-demo-b-History.csv
2026-05-15,2026-05-15 03:00:00,900001003,x1003,Partnership / LLC / LLP - x1003,Qualified Dividend,SYNCHRONY FINANCIAL REC 05/15/26 PAY 05/15/26 RATE 0.00000000 QTY 0.00000000,,1.5,457985b068300ce91b85c08e97614cb005b2b21d39f569228e87d87734c1c73f,data/raw/etrade/account_history/20260614-205753-457985b06830-1003History.csv
2026-05-28,2026-05-28 03:00:00,900001001,x1001,Traditional IRA - x1001,Qualified Dividend,DHT HOLDINGS INC SHS NEW REC 05/28/26 PAY 05/28/26 RATE 0.00000000 QTY 0.00000000,,9.28,926e82babbca6f6f081ee9fe6e727099e15857213bd085fc023d24d0ba6f9ad1,data/raw/etrade/account_history/20260614-205836-926e82babbca-1001History.csv
2026-05-29,2026-05-29 03:00:00,900001001,x1001,Traditional IRA - x1001,Dividend,0 of LTM @ $0,LTM,0,926e82babbca6f6f081ee9fe6e727099e15857213bd085fc023d24d0ba6f9ad1,data/raw/etrade/account_history/20260614-205836-926e82babbca-1001History.csv
2026-05-29,2026-05-29 03:00:00,900001001,x1001,Traditional IRA - x1001,Dividend,0 of PSTL @ $0,PSTL,20.703,926e82babbca6f6f081ee9fe6e727099e15857213bd085fc023d24d0ba6f9ad1,data/raw/etrade/account_history/20260614-205836-926e82babbca-1001History.csv
2026-05-29,2026-05-29 03:00:00,900001001,x1001,Traditional IRA - x1001,Qualified Dividend,CARNIVAL CORPORATION LTD REC 05/29/26 PAY 05/29/26 RATE 0.00000000 QTY 0.00000000,,8.325,926e82babbca6f6f081ee9fe6e727099e15857213bd085fc023d24d0ba6f9ad1,data/raw/etrade/account_history/20260614-205836-926e82babbca-1001History.csv
2026-05-29,2026-05-29 03:00:00,900001001,x1001,Traditional IRA - x1001,Interest Income,CASH BALANCE PROGRAM (Period 05/01-05/31),,0.022,926e82babbca6f6f081ee9fe6e727099e15857213bd085fc023d24d0ba6f9ad1,data/raw/etrade/account_history/20260614-205836-926e82babbca-1001History.csv
2026-05-29,2026-05-29 03:00:00,900001001,x1001,Traditional IRA - x1001,Qualified Dividend,LATAM AIRLINES GROUP SA ADR,,1.782,926e82babbca6f6f081ee9fe6e727099e15857213bd085fc023d24d0ba6f9ad1,data/raw/etrade/account_history/20260614-205836-926e82babbca-1001History.csv
2026-05-29,2026-05-29 03:00:00,900001002,x1002,Individual Brokerage - x1002,Margin Interest,Thru 05/31/26 for 15 days,,-0.281,9beb3b5501c3d3efad88fdcb0e2f4b190b2e1e776faa2efc3a3b4332a96abccd,data/raw/etrade/account_history/20260616-170446-9beb3b5501c3-History1002.csv
2026-05-29,2026-05-29 03:00:00,900001003,x1003,Partnership / LLC / LLP - x1003,Interest Income,MORGAN STANLEY PRIVATE BANK NA (Period 05/01-05/31),,0.001,27294df4a0df9666b73ce7342b35ffeb1db85f8eead11f3b5ccae4c0abce2086,data/raw/etrade/account_history/20260616-170446-27294df4a0df-History1003.csv
2026-05-29,2026-05-29 03:00:00,900001004,x1004,Individual 401(k) - x1004,Interest Income,MORGAN STANLEY BANK N.A. (Period 05/01-05/31),,0.007,a0a44a54726c00643b105733ddbc6efde52249f05a827340583a61098fb433ea,data/raw/etrade/account_history/20260701-235622-a0a44a54726c-demo-b-History.csv
2026-06-01,2026-06-01 03:00:00,900001001,x1001,Traditional IRA - x1001,Dividend,0 of BLOX @ $0,BLOX,8.351,1e1529d2dda89c492fa8feafcb3f66caf33d4eed068735c3c2316e65fa85f8c5,data/raw/etrade/account_history/20260616-170446-1e1529d2dda8-History1001.csv
2026-06-03,2026-06-03 03:00:00,900001001,x1001,Traditional IRA - x1001,Dividend,0 of DB @ $0,DB,0,1e1529d2dda89c492fa8feafcb3f66caf33d4eed068735c3c2316e65fa85f8c5,data/raw/etrade/account_history/20260616-170446-1e1529d2dda8-History1001.csv
2026-06-03,2026-06-03 03:00:00,900001001,x1001,Traditional IRA - x1001,Dividend,0 of VGSH @ $0,VGSH,1.845,1e1529d2dda89c492fa8feafcb3f66caf33d4eed068735c3c2316e65fa85f8c5,data/raw/etrade/account_history/20260616-170446-1e1529d2dda8-History1001.csv
2026-06-03,2026-06-03 03:00:00,900001001,x1001,Traditional IRA - x1001,Qualified Dividend,DEUTSCHE BK AG REG SHS REC 06/03/26 PAY 06/03/26 RATE 0.00000000 QTY 0.00000000,,6.401,1e1529d2dda89c492fa8feafcb3f66caf33d4eed068735c3c2316e65fa85f8c5,data/raw/etrade/account_history/20260616-170446-1e1529d2dda8-History1001.csv
2026-06-04,2026-06-04 03:00:00,900001001,x1001,Traditional IRA - x1001,Qualified Dividend,CENTERRA GOLD INC REC 06/04/26 PAY 06/04/26 RATE 0.00000000 QTY 0.00000000,,1.259,1e1529d2dda89c492fa8feafcb3f66caf33d4eed068735c3c2316e65fa85f8c5,data/raw/etrade/account_history/20260616-170446-1e1529d2dda8-History1001.csv
2026-06-04,2026-06-04 03:00:00,900001001,x1001,Traditional IRA - x1001,Qualified Dividend,KINROSS GOLD CORP NEW REC 06/04/26 PAY 06/04/26 RATE 0.00000000 QTY 0.00000000,,1.064,1e1529d2dda89c492fa8feafcb3f66caf33d4eed068735c3c2316e65fa85f8c5,data/raw/etrade/account_history/20260616-170446-1e1529d2dda8-History1001.csv
2026-06-05,2026-06-05 03:00:00,900001001,x1001,Traditional IRA - x1001,Qualified Dividend,CONSTELLATION ENERGY CORP REC 06/05/26 PAY 06/05/26 RATE 0.00000000 QTY 0.00000000,,2.09,1e1529d2dda89c492fa8feafcb3f66caf33d4eed068735c3c2316e65fa85f8c5,data/raw/etrade/account_history/20260616-170446-1e1529d2dda8-History1001.csv
2026-06-05,2026-06-05 03:00:00,900001004,x1004,Individual 401(k) - x1004,Dividend,0 of SCHP @ $0,SCHP,6.093,a0a44a54726c00643b105733ddbc6efde52249f05a827340583a61098fb433ea,data/raw/etrade/account_history/20260701-235622-a0a44a54726c-demo-b-History.csv
2026-06-08,2026-06-08 03:00:00,900001001,x1001,Traditional IRA - x1001,Dividend,0 of BLOX @ $0,BLOX,16.377,2727ed26bcd5a128809ece9149a15f5989e9527f48c1ded119b86dc621900379,data/raw/etrade/account_history/20260701-235622-2727ed26bcd5-demo-a-History.csv
2026-06-09,2026-06-09 03:00:00,900001001,x1001,Traditional IRA - x1001,Qualified Dividend,ORLA MNG LTD NEW REC 06/09/26 PAY 06/09/26 RATE 0.00000000 QTY 0.00000000,,0.825,2727ed26bcd5a128809ece9149a15f5989e9527f48c1ded119b86dc621900379,data/raw/etrade/account_history/20260701-235622-2727ed26bcd5-demo-a-History.csv
2026-06-10,2026-06-10 03:00:00,900001001,x1001,Traditional IRA - x1001,Qualified Dividend,COEUR MINING INC REC 06/10/26 PAY 06/10/26 RATE 0.00000000 QTY 0.00000000,,2.75,2727ed26bcd5a128809ece9149a15f5989e9527f48c1ded119b86dc621900379,data/raw/etrade/account_history/20260701-235622-2727ed26bcd5-demo-a-History.csv
2026-06-11,2026-06-11 03:00:00,900001001,x1001,Traditional IRA - x1001,Qualified Dividend,MICROSOFT CORP REC 06/11/26 PAY 06/11/26 RATE 0.00000000 QTY 0.00000000,,9.737,2727ed26bcd5a128809ece9149a15f5989e9527f48c1ded119b86dc621900379,data/raw/etrade/account_history/20260701-235622-2727ed26bcd5-demo-a-History.csv
2026-06-15,2026-06-15 03:00:00,900001001,x1001,Traditional IRA - x1001,Dividend,0 of BLOX @ $0,BLOX,12.243,2727ed26bcd5a128809ece9149a15f5989e9527f48c1ded119b86dc621900379,data/raw/etrade/account_history/20260701-235622-2727ed26bcd5-demo-a-History.csv
2026-06-15,2026-06-15 03:00:00,900001001,x1001,Traditional IRA - x1001,Qualified Dividend,ALPHABET INC CL C REC 06/15/26 PAY 06/15/26 RATE 0.00000000 QTY 0.00000000,,2.75,2727ed26bcd5a128809ece9149a15f5989e9527f48c1ded119b86dc621900379,data/raw/etrade/account_history/20260701-235622-2727ed26bcd5-demo-a-History.csv
2026-06-15,2026-06-15 03:00:00,900001001,x1001,Traditional IRA - x1001,Qualified Dividend,BARRICK MNG CORP REC 06/15/26 PAY 06/15/26 RATE 0.00000000 QTY 0.00000000,,3.85,2727ed26bcd5a128809ece9149a15f5989e9527f48c1ded119b86dc621900379,data/raw/etrade/account_history/20260701-235622-2727ed26bcd5-demo-a-History.csv
2026-06-18,2026-06-18 03:00:00,900001001,x1001,Traditional IRA - x1001,Dividend,0 of IGM @ $0,IGM,0.307,2727ed26bcd5a128809ece9149a15f5989e9527f48c1ded119b86dc621900379,data/raw/etrade/account_history/20260701-235622-2727ed26bcd5-demo-a-History.csv
2026-06-18,2026-06-18 03:00:00,900001001,x1001,Traditional IRA - x1001,Dividend,0 of MLPI @ $0,MLPI,20.057,2727ed26bcd5a128809ece9149a15f5989e9527f48c1ded119b86dc621900379,data/raw/etrade/account_history/20260701-235622-2727ed26bcd5-demo-a-History.csv
2026-06-18,2026-06-18 03:00:00,900001001,x1001,Traditional IRA - x1001,Dividend,0 of SOXX @ $0,SOXX,0.707,2727ed26bcd5a128809ece9149a15f5989e9527f48c1ded119b86dc621900379,data/raw/etrade/account_history/20260701-235622-2727ed26bcd5-demo-a-History.csv
2026-06-18,2026-06-18 03:00:00,900001001,x1001,Traditional IRA - x1001,Qualified Dividend,GENERAL MTRS CO REC 06/18/26 PAY 06/18/26 RATE 0.00000000 QTY 0.00000000,,7.2,2727ed26bcd5a128809ece9149a15f5989e9527f48c1ded119b86dc621900379,data/raw/etrade/account_history/20260701-235622-2727ed26bcd5-demo-a-History.csv
2026-06-18,2026-06-18 03:00:00,900001004,x1004,Individual 401(k) - x1004,Dividend,0 of IFRA @ $0,IFRA,0.914,a0a44a54726c00643b105733ddbc6efde52249f05a827340583a61098fb433ea,data/raw/etrade/account_history/20260701-235622-a0a44a54726c-demo-b-History.csv
2026-06-18,2026-06-18 03:00:00,900001004,x1004,Individual 401(k) - x1004,Dividend,0 of IWM @ $0,IWM,0.904,a0a44a54726c00643b105733ddbc6efde52249f05a827340583a61098fb433ea,data/raw/etrade/account_history/20260701-235622-a0a44a54726c-demo-b-History.csv
2026-06-18,2026-06-18 03:00:00,900001004,x1004,Individual 401(k) - x1004,Qualified Dividend,GENERAL MTRS CO REC 06/18/26 PAY 06/18/26 RATE 0.00000000 QTY 0.00000000,,1.8,a0a44a54726c00643b105733ddbc6efde52249f05a827340583a61098fb433ea,data/raw/etrade/account_history/20260701-235622-a0a44a54726c-demo-b-History.csv
2026-06-22,2026-06-22 03:00:00,900001001,x1001,Traditional IRA - x1001,Qualified Dividend,MANULIFE FINANCIAL CORP REC 06/22/26 PAY 06/22/26 RATE 0.00000000 QTY 0.00000000,,6.161,2727ed26bcd5a128809ece9149a15f5989e9527f48c1ded119b86dc621900379,data/raw/etrade/account_history/20260701-235622-2727ed26bcd5-demo-a-History.csv
2026-06-22,2026-06-22 03:00:00,900001001,x1001,Traditional IRA - x1001,Qualified Dividend,NEWMONT CORPORATION REC 06/22/26 PAY 06/22/26 RATE 0.00000000 QTY 0.00000000,,2.86,2727ed26bcd5a128809ece9149a15f5989e9527f48c1ded119b86dc621900379,data/raw/etrade/account_history/20260701-235622-2727ed26bcd5-demo-a-History.csv
2026-06-23,2026-06-23 03:00:00,900001001,x1001,Traditional IRA - x1001,Dividend,0 of BLOX @ $0,BLOX,10.264,2727ed26bcd5a128809ece9149a15f5989e9527f48c1ded119b86dc621900379,data/raw/etrade/account_history/20260701-235622-2727ed26bcd5-demo-a-History.csv
2026-06-23,2026-06-23 03:00:00,900001001,x1001,Traditional IRA - x1001,Qualified Dividend,B2GOLD CORP REC 06/23/26 PAY 06/23/26 RATE 0.00000000 QTY 0.00000000,,26.308,2727ed26bcd5a128809ece9149a15f5989e9527f48c1ded119b86dc621900379,data/raw/etrade/account_history/20260701-235622-2727ed26bcd5-demo-a-History.csv
2026-06-23,2026-06-23 03:00:00,900001001,x1001,Traditional IRA - x1001,Qualified Dividend,UNITEDHEALTH GP INC REC 06/23/26 PAY 06/23/26 RATE 0.00000000 QTY 0.00000000,,29,2727ed26bcd5a128809ece9149a15f5989e9527f48c1ded119b86dc621900379,data/raw/etrade/account_history/20260701-235622-2727ed26bcd5-demo-a-History.csv
2026-06-23,2026-06-23 03:00:00,900001004,x1004,Individual 401(k) - x1004,Dividend,0 of VT @ $0,VT,1.969,a0a44a54726c00643b105733ddbc6efde52249f05a827340583a61098fb433ea,data/raw/etrade/account_history/20260701-235622-a0a44a54726c-demo-b-History.csv
2026-06-25,2026-06-25 03:00:00,900001001,x1001,Traditional IRA - x1001,Qualified Dividend,VERTIV HOLDINGS LLC CL A REC 06/25/26 PAY 06/25/26 RATE 0.00000000 QTY 0.00000000,,0.031,2727ed26bcd5a128809ece9149a15f5989e9527f48c1ded119b86dc621900379,data/raw/etrade/account_history/20260701-235622-2727ed26bcd5-demo-a-History.csv
2026-06-26,2026-06-26 03:00:00,900001001,x1001,Traditional IRA - x1001,Dividend,0 of SPMO @ $0,SPMO,4.02,2727ed26bcd5a128809ece9149a15f5989e9527f48c1ded119b86dc621900379,data/raw/etrade/account_history/20260701-235622-2727ed26bcd5-demo-a-History.csv
2026-06-26,2026-06-26 03:00:00,900001001,x1001,Traditional IRA - x1001,Qualified Dividend,HANOVER INSURANCE GROUP INC REC 06/26/26 PAY 06/26/26 RATE 0.00000000 QTY 0.00000000,,16.625,2727ed26bcd5a128809ece9149a15f5989e9527f48c1ded119b86dc621900379,data/raw/etrade/account_history/20260701-235622-2727ed26bcd5-demo-a-History.csv
2026-06-26,2026-06-26 03:00:00,900001001,x1001,Traditional IRA - x1001,Qualified Dividend,NVIDIA CORPORATION REC 06/26/26 PAY 06/26/26 RATE 0.00000000 QTY 0.00000000,,6,2727ed26bcd5a128809ece9149a15f5989e9527f48c1ded119b86dc621900379,data/raw/etrade/account_history/20260701-235622-2727ed26bcd5-demo-a-History.csv
2026-06-26,2026-06-26 03:00:00,900001003,x1003,Partnership / LLC / LLP - x1003,Dividend,0 of SPMO @ $0,SPMO,5.761,2727ed26bcd5a128809ece9149a15f5989e9527f48c1ded119b86dc621900379,data/raw/etrade/account_history/20260701-235622-2727ed26bcd5-demo-a-History.csv
2026-06-26,2026-06-26 03:00:00,900001004,x1004,Individual 401(k) - x1004,Dividend,0 of SPMO @ $0,SPMO,1.226,a0a44a54726c00643b105733ddbc6efde52249f05a827340583a61098fb433ea,data/raw/etrade/account_history/20260701-235622-a0a44a54726c-demo-b-History.csv
2026-06-26,2026-06-26 03:00:00,900001004,x1004,Individual 401(k) - x1004,Dividend,0 of VOOV @ $0,VOOV,2.112,a0a44a54726c00643b105733ddbc6efde52249f05a827340583a61098fb433ea,data/raw/etrade/account_history/20260701-235622-a0a44a54726c-demo-b-History.csv
2026-06-29,2026-06-29 03:00:00,900001001,x1001,Traditional IRA - x1001,Dividend,0 of BLOX @ $0,BLOX,10.115,2727ed26bcd5a128809ece9149a15f5989e9527f48c1ded119b86dc621900379,data/raw/etrade/account_history/20260701-235622-2727ed26bcd5-demo-a-History.csv
2026-06-30,2026-06-30 03:00:00,900001001,x1001,Traditional IRA - x1001,Dividend,0 of PINE @ $0,PINE,89.85,2727ed26bcd5a128809ece9149a15f5989e9527f48c1ded119b86dc621900379,data/raw/etrade/account_history/20260701-235622-2727ed26bcd5-demo-a-History.csv
2026-06-30,2026-06-30 03:00:00,900001001,x1001,Traditional IRA - x1001,Interest Income,CASH BALANCE PROGRAM (Period 06/01-06/30),,0.113,2727ed26bcd5a128809ece9149a15f5989e9527f48c1ded119b86dc621900379,data/raw/etrade/account_history/20260701-235622-2727ed26bcd5-demo-a-History.csv
2026-06-30,2026-06-30 03:00:00,900001002,x1002,Individual Brokerage - x1002,Margin Interest,Thru 06/30/26 for 16 days,,-0.073,2727ed26bcd5a128809ece9149a15f5989e9527f48c1ded119b86dc621900379,data/raw/etrade/account_history/20260701-235622-2727ed26bcd5-demo-a-History.csv
2026-06-30,2026-06-30 03:00:00,900001003,x1003,Partnership / LLC / LLP - x1003,Dividend,0 of GRNY @ $0,GRNY,0.787,2727ed26bcd5a128809ece9149a15f5989e9527f48c1ded119b86dc621900379,data/raw/etrade/account_history/20260701-235622-2727ed26bcd5-demo-a-History.csv
2026-06-30,2026-06-30 03:00:00,900001003,x1003,Partnership / LLC / LLP - x1003,Interest Income,MORGAN STANLEY PRIVATE BANK NA (Period 06/01-06/30),,0.005,2727ed26bcd5a128809ece9149a15f5989e9527f48c1ded119b86dc621900379,data/raw/etrade/account_history/20260701-235622-2727ed26bcd5-demo-a-History.csv
2026-06-30,2026-06-30 03:00:00,900001004,x1004,Individual 401(k) - x1004,Dividend,0 of GRNY @ $0,GRNY,0.404,a0a44a54726c00643b105733ddbc6efde52249f05a827340583a61098fb433ea,data/raw/etrade/account_history/20260701-235622-a0a44a54726c-demo-b-History.csv
2026-06-30,2026-06-30 03:00:00,900001004,x1004,Individual 401(k) - x1004,Dividend,0 of VTI @ $0,VTI,0.731,a0a44a54726c00643b105733ddbc6efde52249f05a827340583a61098fb433ea,data/raw/etrade/account_history/20260701-235622-a0a44a54726c-demo-b-History.csv
2026-06-30,2026-06-30 03:00:00,900001004,x1004,Individual 401(k) - x1004,Interest Income,MORGAN STANLEY BANK N.A. (Period 06/01-06/30),,0.024,a0a44a54726c00643b105733ddbc6efde52249f05a827340583a61098fb433ea,data/raw/etrade/account_history/20260701-235622-a0a44a54726c-demo-b-History.csv
