"Account 900001001 Positions, as of 07/01/26 at 07:49 PM EST"
Position,Qty,Date Acquired,Term,Cost Basis,U/L Price,U/L Change,Mark,Mark Chg,Net Cost Basis,Today's Net Gain,Open Net Gain,Market Value,Bid,Ask,Earnings Date
    AEM +70 Shares (4 lots),70,06/09/2026,Short term,15.7300428,15.485,-0.028,15.485,-0.028,15.7300428,-1.96,-17.152996,1083.95,15.415,15.44,2026-07-29
    15  06/09/2026,15,06/09/2026,Short term,15.678,--,--,15.485,-0.028,15.678,-0.42,-2.895,232.275,15.415,15.44,--
    25  06/10/2026,25,06/10/2026,Short term,15.248,--,--,15.485,-0.028,15.248,-0.7,5.925,387.125,15.415,15.44,--
    15  06/18/2026,15,06/18/2026,Short term,16.944,--,--,15.485,-0.028,16.944,-0.42,-21.885,232.275,15.415,15.44,--
    15  06/29/2026,15,06/29/2026,Short term,15.3715333,--,--,15.485,-0.028,15.3715333,-0.42,1.7020005,232.275,15.415,15.44,--
    AGX +29 Shares (6 lots),29,05/07/2026,Short term,71.6990689,76.456,-3.399,76.456,-3.399,71.6990689,-98.571,137.9510019,2217.224,76.376,77.78,2026-09-03
    3  05/07/2026,3,05/07/2026,Short term,71.4326667,--,--,76.456,-3.399,71.4326667,-10.197,15.0699999,229.368,76.376,77.78,--
    5  06/15/2026,5,06/15/2026,Short term,66.601,--,--,76.456,-3.399,66.601,-16.995,49.275,382.28,76.376,77.78,--
    5  06/16/2026,5,06/16/2026,Short term,69.039,--,--,76.456,-3.399,69.039,-16.995,37.085,382.28,76.376,77.78,--
    5  06/24/2026,5,06/24/2026,Short term,73.1408,--,--,76.456,-3.399,73.1408,-16.995,16.576,382.28,76.376,77.78,--
    7  06/24/2026,7,06/24/2026,Short term,73.6495714,--,--,76.456,-3.399,73.6495714,-23.793,19.6450002,535.192,76.376,77.78,--
    4  06/26/2026,4,06/26/2026,Short term,76.381,--,--,76.456,-3.399,76.381,-13.596,0.3,305.824,76.376,77.78,--
    AMZN +150 Shares (9 lots),150,05/11/2026,Short term,25.7408666,24.17,0.336,24.17,0.336,25.7408666,50.4,-235.62999,3625.5,24.23,24.259,2026-07-30
    10  05/11/2026,10,05/11/2026,Short term,27.2895,--,--,24.17,0.336,27.2895,3.36,-31.195,241.7,24.23,24.259,--
    10  05/12/2026,10,05/12/2026,Short term,26.3765,--,--,24.17,0.336,26.3765,3.36,-22.065,241.7,24.23,24.259,--
    15  05/26/2026,15,05/26/2026,Short term,26.529,--,--,24.17,0.336,26.529,5.04,-35.385,362.55,24.23,24.259,--
    20  05/29/2026,20,05/29/2026,Short term,27.101,--,--,24.17,0.336,27.101,6.72,-58.62,483.4,24.23,24.259,--
    15  06/01/2026,15,06/01/2026,Short term,26.425,--,--,24.17,0.336,26.425,5.04,-33.825,362.55,24.23,24.259,--
    10  06/02/2026,10,06/02/2026,Short term,25.726,--,--,24.17,0.336,25.726,3.36,-15.56,241.7,24.23,24.259,--
    10  06/03/2026,10,06/03/2026,Short term,25.44,--,--,24.17,0.336,25.44,3.36,-12.7,241.7,24.23,24.259,--
    10  06/03/2026,10,06/03/2026,Short term,25.148,--,--,24.17,0.336,25.148,3.36,-9.78,241.7,24.23,24.259,--
    50  06/15/2026,50,06/15/2026,Short term,24.5,--,--,24.17,0.336,24.5,16.8,-16.5,1208.5,24.23,24.259,--
    APP +5 Shares (1 lot),5,06/10/2026,Short term,50.154,56.461,4.938,56.461,4.938,50.154,24.69,31.535,282.305,56.1,56.199,2026-08-06
    5  06/10/2026,5,06/10/2026,Short term,50.154,--,--,56.461,4.938,50.154,24.69,31.535,282.305,56.1,56.199,--
    ARE +1350 Shares (14 lots),1350,10/13/2025,Short term,5.4114766,5.301,0.016,5.301,0.016,5.4114766,21.6,-149.14341,7156.35,5.223,5.388,2026-08-03
    60  10/13/2025,60,10/13/2025,Short term,7.357,--,--,5.301,0.016,7.357,0.96,-123.36,318.06,5.223,5.388,--
    40  02/09/2026,40,02/09/2026,Short term,5.53,--,--,5.301,0.016,5.53,0.64,-9.16,212.04,5.223,5.388,--
    25  06/03/2026,25,06/03/2026,Short term,5.2135,--,--,5.301,0.016,5.2135,0.4,2.1875,132.525,5.223,5.388,--
    100  06/05/2026,100,06/05/2026,Short term,5.23553,--,--,5.301,0.016,5.23553,1.6,6.547,530.1,5.223,5.388,--
    100  06/08/2026,100,06/08/2026,Short term,5.0796,--,--,5.301,0.016,5.0796,1.6,22.14,530.1,5.223,5.388,--
    50  06/08/2026,50,06/08/2026,Short term,5.0326,--,--,5.301,0.016,5.0326,0.8,13.42,265.05,5.223,5.388,--
    50  06/09/2026,50,06/09/2026,Short term,5.3615,--,--,5.301,0.016,5.3615,0.8,-3.025,265.05,5.223,5.388,--
    175  06/10/2026,175,06/10/2026,Short term,5.347,--,--,5.301,0.016,5.347,2.8,-8.05,927.675,5.223,5.388,--
    100  06/11/2026,100,06/11/2026,Short term,5.254,--,--,5.301,0.016,5.254,1.6,4.7,530.1,5.223,5.388,--
    100  06/15/2026,100,06/15/2026,Short term,5.33514,--,--,5.301,0.016,5.33514,1.6,-3.414,530.1,5.223,5.388,--
    100  06/16/2026,100,06/16/2026,Short term,5.2076,--,--,5.301,0.016,5.2076,1.6,9.34,530.1,5.223,5.388,--
    200  06/29/2026,200,06/29/2026,Short term,5.42022,--,--,5.301,0.016,5.42022,3.2,-23.844,1060.2,5.223,5.388,--
    100  06/29/2026,100,06/29/2026,Short term,5.437,--,--,5.301,0.016,5.437,1.6,-13.6,530.1,5.223,5.388,--
    150  06/29/2026,150,06/29/2026,Short term,5.4545,--,--,5.301,0.016,5.4545,2.4,-23.025,795.15,5.223,5.388,--
    ARKX +250 Shares (3 lots),250,06/18/2026,Short term,3.3874,3.383,-0.029,3.383,-0.029,3.3874,-6.8,-1.1,845.75,3.38,3.416,--
    100  06/18/2026,100,06/18/2026,Short term,3.426,--,--,3.383,-0.029,3.426,-2.9,-4.3,338.3,3.38,3.416,--
    100  06/22/2026,100,06/22/2026,Short term,3.341,--,--,3.383,-0.029,3.341,-2.9,4.2,338.3,3.38,3.416,--
    50  07/01/2026,50,07/01/2026,Short term,3.403,--,--,3.383,-0.029,3.403,-1,-1,169.15,3.38,3.416,--
    AUGO +190 Shares (6 lots),190,04/20/2026,Short term,8.7448447,6.05,-0.245,6.05,-0.245,8.7448447,-46.55,-512.020493,1149.5,6,6.4,2026-08-05
    25  04/20/2026,25,04/20/2026,Short term,10.444,--,--,6.05,-0.245,10.444,-6.125,-109.85,151.25,6,6.4,--
    50  04/21/2026,50,04/21/2026,Short term,9.999,--,--,6.05,-0.245,9.999,-12.25,-197.45,302.5,6,6.4,--
    20  04/21/2026,20,04/21/2026,Short term,9.744,--,--,6.05,-0.245,9.744,-4.9,-73.88,121,6,6.4,--
    30  04/24/2026,30,04/24/2026,Short term,8.9,--,--,6.05,-0.245,8.9,-7.35,-85.5,181.5,6,6.4,--
    15  05/01/2026,15,05/01/2026,Short term,8.3435333,--,--,6.05,-0.245,8.3435333,-3.675,-34.4029995,90.75,6,6.4,--
    50  06/29/2026,50,06/29/2026,Short term,6.26875,--,--,6.05,-0.245,6.26875,-12.25,-10.9375,302.5,6,6.4,--
    B +270 Shares (4 lots),270,01/15/2026,Short term,4.2410981,3.645,-0.028,3.645,-0.028,4.2410981,-7.56,-160.946487,984.15,3.649,3.655,2026-08-11
    25  01/15/2026,25,01/15/2026,Short term,4.95675,--,--,3.645,-0.028,4.95675,-0.7,-32.79375,91.125,3.649,3.655,--
    50  02/17/2026,50,02/17/2026,Short term,4.64678,--,--,3.645,-0.028,4.64678,-1.4,-50.089,182.25,3.649,3.655,--
    70  02/20/2026,70,02/20/2026,Short term,4.712,--,--,3.645,-0.028,4.712,-1.96,-74.69,255.15,3.649,3.655,--
    125  06/29/2026,125,06/29/2026,Short term,3.67199,--,--,3.645,-0.028,3.67199,-3.5,-3.37375,455.625,3.649,3.655,--
    BE +10 Shares (1 lot),10,06/26/2026,Short term,27.3447,28.95,-1.32,28.95,-1.32,27.3447,-13.2,16.053,289.5,29.511,29.543,2026-07-30
    10  06/26/2026,10,06/26/2026,Short term,27.3447,--,--,28.95,-1.32,27.3447,-13.2,16.053,289.5,29.511,29.543,--
    BLOX +1175 Shares (8 lots),1175,05/15/2026,Short term,1.7018642,1.505,-0.051,1.505,-0.051,1.7018642,-59.925,-231.315435,1768.375,1.5,1.518,--
    125  05/15/2026,125,05/15/2026,Short term,1.697,--,--,1.505,-0.051,1.697,-6.375,-24,188.125,1.5,1.518,--
    125  05/29/2026,125,05/29/2026,Short term,1.771,--,--,1.505,-0.051,1.771,-6.375,-33.25,188.125,1.5,1.518,--
    125  06/02/2026,125,06/02/2026,Short term,1.796,--,--,1.505,-0.051,1.796,-6.375,-36.375,188.125,1.5,1.518,--
    250  06/03/2026,250,06/03/2026,Short term,1.76989,--,--,1.505,-0.051,1.76989,-12.75,-66.2225,376.25,1.5,1.518,--
    125  06/04/2026,125,06/04/2026,Short term,1.746,--,--,1.505,-0.051,1.746,-6.375,-30.125,188.125,1.5,1.518,--
    125  06/15/2026,125,06/15/2026,Short term,1.714,--,--,1.505,-0.051,1.714,-6.375,-26.125,188.125,1.5,1.518,--
    150  06/29/2026,150,06/29/2026,Short term,1.5649933,--,--,1.505,-0.051,1.5649933,-7.65,-8.998995,225.75,1.5,1.518,--
    150  06/30/2026,150,06/30/2026,Short term,1.54646,--,--,1.505,-0.051,1.54646,-7.65,-6.219,225.75,1.5,1.518,--
    BRK.B +75 Shares (10 lots),75,10/08/2025,Short term,49.5800119,49.974,-0.065,49.974,-0.065,49.5800119,-4.875,29.5491075,3748.05,49.974,50,2026-08-01
    5  10/08/2025,5,10/08/2025,Short term,50.05,--,--,49.974,-0.065,50.05,-0.325,-0.38,249.87,49.974,50,--
    5  10/09/2025,5,10/09/2025,Short term,50.044,--,--,49.974,-0.065,50.044,-0.325,-0.35,249.87,49.974,50,--
    6  02/09/2026,6,02/09/2026,Short term,50.4265,--,--,49.974,-0.065,50.4265,-0.39,-2.715,299.844,49.974,50,--
    5  05/26/2026,5,05/26/2026,Short term,48.4488,--,--,49.974,-0.065,48.4488,-0.325,7.626,249.87,49.974,50,--
    10  06/10/2026,10,06/10/2026,Short term,48.953,--,--,49.974,-0.065,48.953,-0.65,10.21,499.74,49.974,50,--
    5  06/16/2026,5,06/16/2026,Short term,49.2972,--,--,49.974,-0.065,49.2972,-0.325,3.384,249.87,49.974,50,--
    15  06/29/2026,15,06/29/2026,Short term,49.7515333,--,--,49.974,-0.065,49.7515333,-0.975,3.3370005,749.61,49.974,50,--
    10  06/29/2026,10,06/29/2026,Short term,49.64899,--,--,49.974,-0.065,49.64899,-0.65,3.2501,499.74,49.974,50,--
    7  06/29/2026,7,06/29/2026,Short term,49.6014286,--,--,49.974,-0.065,49.6014286,-0.455,2.6079998,349.818,49.974,50,--
    7  06/29/2026,7,06/29/2026,Short term,49.6055714,--,--,49.974,-0.065,49.6055714,-0.455,2.5790002,349.818,49.974,50,--
    BTG +3500 Shares (3 lots),3500,06/05/2026,Short term,0.4055285,0.382,0.008,0.382,0.008,0.4055285,28,-82.34975,1337,0.383,0.386,2026-08-06
    1500  06/05/2026,1500,06/05/2026,Short term,0.418,--,--,0.382,0.008,0.418,12,-54,573,0.383,0.386,--
    1000  06/08/2026,1000,06/08/2026,Short term,0.41685,--,--,0.382,0.008,0.41685,8,-34.85,382,0.383,0.386,--
    1000  06/29/2026,1000,06/29/2026,Short term,0.3755,--,--,0.382,0.008,0.3755,8,6.5,382,0.383,0.386,--
    CCL +200 Shares (2 lots),200,09/29/2025,Short term,3.00285,2.852,-0.005,2.852,-0.005,3.00285,-1,-30.17,570.4,2.85,2.861,2026-09-28
    100  09/29/2025,100,09/29/2025,Short term,2.953,--,--,2.852,-0.005,2.953,-0.5,-10.1,285.2,2.85,2.861,--
    100  06/22/2026,100,06/22/2026,Short term,3.0527,--,--,2.852,-0.005,3.0527,-0.5,-20.07,285.2,2.85,2.861,--
    CLS +54 Shares (6 lots),54,05/04/2026,Short term,38.5167777,36.162,-0.318,36.162,-0.318,38.5167777,-17.172,-127.1579958,1952.748,35.5,36.139,2026-07-27
    10  05/04/2026,10,05/04/2026,Short term,41.3634,--,--,36.162,-0.318,41.3634,-3.18,-52.014,361.62,35.5,36.139,--
    10  05/06/2026,10,05/06/2026,Short term,41.264,--,--,36.162,-0.318,41.264,-3.18,-51.02,361.62,35.5,36.139,--
    7  06/03/2026,7,06/03/2026,Short term,45.2495714,--,--,36.162,-0.318,45.2495714,-2.226,-63.6129998,253.134,35.5,36.139,--
    10  06/25/2026,10,06/25/2026,Short term,35.1728,--,--,36.162,-0.318,35.1728,-3.18,9.892,361.62,35.5,36.139,--
    10  06/26/2026,10,06/26/2026,Short term,34.4035,--,--,36.162,-0.318,34.4035,-3.18,17.585,361.62,35.5,36.139,--
    7  06/26/2026,7,06/26/2026,Short term,34.446,--,--,36.162,-0.318,34.446,-2.226,12.012,253.134,35.5,36.139,--
    CNC +210 Shares (5 lots),210,06/08/2026,Short term,6.480469,6.835,0.416,6.835,0.416,6.480469,87.36,74.45151,1435.35,6.83,6.85,2026-07-28
    30  06/08/2026,30,06/08/2026,Short term,6.525,--,--,6.835,0.416,6.525,12.48,9.3,205.05,6.83,6.85,--
    50  06/10/2026,50,06/10/2026,Short term,6.5405,--,--,6.835,0.416,6.5405,20.8,14.725,341.75,6.83,6.85,--
    30  06/11/2026,30,06/11/2026,Short term,6.3975,--,--,6.835,0.416,6.3975,12.48,13.125,205.05,6.83,6.85,--
    50  06/29/2026,50,06/29/2026,Short term,6.5115,--,--,6.835,0.416,6.5115,20.8,16.175,341.75,6.83,6.85,--
    50  06/30/2026,50,06/30/2026,Short term,6.41247,--,--,6.835,0.416,6.41247,20.8,21.1265,341.75,6.83,6.85,--
    CNSWF +37 Shares (4 lots),37,05/27/2026,Short term,196.7425945,192.94175,4.14175,192.94175,4.14175,196.7880809865,153.24475,-142.3142465,7138.84475,0,0,--
    10  05/27/2026,10,05/27/2026,Short term,193.789,--,--,192.94175,4.14175,193.8088,41.4175,-8.6705,1929.4175,0,0,--
    10  06/15/2026,10,06/15/2026,Short term,207.777,--,--,192.94175,4.14175,207.8265,41.4175,-148.8475,1929.4175,0,0,--
    10  06/23/2026,10,06/23/2026,Short term,190.023,--,--,192.94175,4.14175,190.0725,41.4175,28.6925,1929.4175,0,0,--
    7  06/29/2026,7,06/29/2026,Short term,194.798,--,--,192.94175,4.14175,194.8687142,28.99225,-13.4887494,1350.59225,0,0,--
    CRDO +80 Shares (5 lots),80,06/12/2026,Short term,26.548875,25.909,-1.286,25.909,-1.286,26.548875,-89.125,-51.19,2072.72,25.85,25.9,2026-09-02
    15  06/12/2026,15,06/12/2026,Short term,25.399,--,--,25.909,-1.286,25.399,-19.29,7.65,388.635,25.85,25.9,--
    10  06/12/2026,10,06/12/2026,Short term,25.478,--,--,25.909,-1.286,25.478,-12.86,4.31,259.09,25.85,25.9,--
    15  06/15/2026,15,06/15/2026,Short term,26.3,--,--,25.909,-1.286,26.3,-19.29,-5.865,388.635,25.85,25.9,--
    25  06/24/2026,25,06/24/2026,Short term,27.979,--,--,25.909,-1.286,27.979,-32.15,-51.75,647.725,25.85,25.9,--
    15  07/01/2026,15,07/01/2026,Short term,26.278,--,--,25.909,-1.286,26.278,-5.535,-5.535,388.635,25.85,25.9,--
    CRM +10 Shares (1 lot),10,06/09/2026,Short term,17.3605,16.323,0.657,16.323,0.657,17.3605,6.57,-10.375,163.23,16.21,16.25,2026-09-02
    10  06/09/2026,10,06/09/2026,Short term,17.3605,--,--,16.323,0.657,17.3605,6.57,-10.375,163.23,16.21,16.25,--
    CSTM +1000 Shares (9 lots),1000,05/14/2026,Short term,3.3057665,3.024,-0.163,3.024,-0.163,3.3057665,-163,-281.7665,3024,3.025,3.041,2026-07-28
    25  05/14/2026,25,05/14/2026,Short term,3.35,--,--,3.024,-0.163,3.35,-4.075,-8.15,75.6,3.025,3.041,--
    125  05/27/2026,125,05/27/2026,Short term,3.30688,--,--,3.024,-0.163,3.30688,-20.375,-35.36,378,3.025,3.041,--
    100  06/08/2026,100,06/08/2026,Short term,3.35617,--,--,3.024,-0.163,3.35617,-16.3,-33.217,302.4,3.025,3.041,--
    100  06/15/2026,100,06/15/2026,Short term,3.5015,--,--,3.024,-0.163,3.5015,-16.3,-47.75,302.4,3.025,3.041,--
    150  06/15/2026,150,06/15/2026,Short term,3.45798,--,--,3.024,-0.163,3.45798,-24.45,-65.097,453.6,3.025,3.041,--
    100  06/22/2026,100,06/22/2026,Short term,3.425,--,--,3.024,-0.163,3.425,-16.3,-40.1,302.4,3.025,3.041,--
    125  06/26/2026,125,06/26/2026,Short term,3.26194,--,--,3.024,-0.163,3.26194,-20.375,-29.7425,378,3.025,3.041,--
    150  06/29/2026,150,06/29/2026,Short term,3.093,--,--,3.024,-0.163,3.093,-24.45,-10.35,453.6,3.025,3.041,--
    125  06/29/2026,125,06/29/2026,Short term,3.12,--,--,3.024,-0.163,3.12,-20.375,-12,378,3.025,3.041,--
    DRH +4375 Shares (10 lots),4375,05/12/2026,Short term,1.1990171,1.193,-0.025,1.193,-0.025,1.1990171,-109.375,-26.3248125,5219.375,1.161,1.219,2026-07-30
    125  05/12/2026,125,05/12/2026,Short term,1.062,--,--,1.193,-0.025,1.062,-3.125,16.375,149.125,1.161,1.219,--
    300  05/29/2026,300,05/29/2026,Short term,1.099,--,--,1.193,-0.025,1.099,-7.5,28.2,357.9,1.161,1.219,--
    200  06/09/2026,200,06/09/2026,Short term,1.1635,--,--,1.193,-0.025,1.1635,-5,5.9,238.6,1.161,1.219,--
    300  06/10/2026,300,06/10/2026,Short term,1.172,--,--,1.193,-0.025,1.172,-7.5,6.3,357.9,1.161,1.219,--
    500  06/10/2026,500,06/10/2026,Short term,1.1845,--,--,1.193,-0.025,1.1845,-12.5,4.25,596.5,1.161,1.219,--
    350  06/17/2026,350,06/17/2026,Short term,1.203,--,--,1.193,-0.025,1.203,-8.75,-3.5,417.55,1.161,1.219,--
    750  06/17/2026,750,06/17/2026,Short term,1.188,--,--,1.193,-0.025,1.188,-18.75,3.75,894.75,1.161,1.219,--
    450  06/23/2026,450,06/23/2026,Short term,1.2245,--,--,1.193,-0.025,1.2245,-11.25,-14.175,536.85,1.161,1.219,--
    150  06/24/2026,150,06/24/2026,Short term,1.2325,--,--,1.193,-0.025,1.2325,-3.75,-5.925,178.95,1.161,1.219,--
    1250  06/26/2026,1250,06/26/2026,Short term,1.247,--,--,1.193,-0.025,1.247,-31.25,-67.5,1491.25,1.161,1.219,--
    DY +27 Shares (3 lots),27,05/29/2026,Short term,49.8414233,47.051,-3.508,47.051,-3.508,49.8414233,-81.654,-75.3414291,1270.377,46.501,48.847,2026-08-26
    13  05/29/2026,13,05/29/2026,Short term,50.9885,--,--,47.051,-3.508,50.9885,-45.604,-51.1875,611.663,46.501,48.847,--
    7  06/26/2026,7,06/26/2026,Short term,48.8595714,--,--,47.051,-3.508,48.8595714,-24.556,-12.6599998,329.357,46.501,48.847,--
    7  07/01/2026,7,07/01/2026,Short term,48.69299,--,--,47.051,-3.508,48.69299,-11.49393,-11.49393,329.357,46.501,48.847,--
    EAT +45 Shares (2 lots),45,07/02/2025,Short term,17.7656666,17.207,0.407,17.207,0.407,17.7656666,18.315,-25.139997,774.315,15.207,17.8,2026-08-12
    30  07/02/2025,30,07/02/2025,Short term,18.2145,--,--,17.207,0.407,18.2145,12.21,-30.225,516.21,15.207,17.8,--
    15  06/26/2026,15,06/26/2026,Short term,16.868,--,--,17.207,0.407,16.868,6.105,5.085,258.105,15.207,17.8,--
    EMEQ +200 Shares (5 lots),200,05/29/2026,Short term,6.91522,6.961,-0.325,6.961,-0.325,6.91522,-53.494,9.156,1392.2,6.7,7.315,--
    50  05/29/2026,50,05/29/2026,Short term,6.78,--,--,6.961,-0.325,6.78,-16.25,9.05,348.05,6.7,7.315,--
    50  06/05/2026,50,06/05/2026,Short term,6.498,--,--,6.961,-0.325,6.498,-16.25,23.15,348.05,6.7,7.315,--
    50  06/26/2026,50,06/26/2026,Short term,7.327,--,--,6.961,-0.325,7.327,-16.25,-18.3,348.05,6.7,7.315,--
    14  07/01/2026,14,07/01/2026,Short term,7.053,--,--,6.961,-0.325,7.053,-1.288,-1.288,97.454,6.7,7.315,--
    36  07/01/2026,36,07/01/2026,Short term,7.057,--,--,6.961,-0.325,7.057,-3.456,-3.456,250.596,6.7,7.315,--
    EPR +150 Shares (2 lots),150,06/08/2026,Short term,5.8795,5.774,-0.027,5.774,-0.027,5.8795,-4.05,-15.825,866.1,5.723,5.858,2026-07-29
    75  06/08/2026,75,06/08/2026,Short term,5.754,--,--,5.774,-0.027,5.754,-2.025,1.5,433.05,5.723,5.858,--
    75  06/11/2026,75,06/11/2026,Short term,6.005,--,--,5.774,-0.027,6.005,-2.025,-17.325,433.05,5.723,5.858,--
    ET +1595 Shares (11 lots),1595,05/01/2026,Short term,1.96057,1.905,-0.007,1.905,-0.007,1.96057,-11.165,-88.63415,3038.475,1.901,1.903,2026-08-04
    125  05/01/2026,125,05/01/2026,Short term,1.9825,--,--,1.905,-0.007,1.9825,-0.875,-9.6875,238.125,1.901,1.903,--
    200  05/04/2026,200,05/04/2026,Short term,2.0035,--,--,1.905,-0.007,2.0035,-1.4,-19.7,381,1.901,1.903,--
    125  05/06/2026,125,05/06/2026,Short term,2.00975,--,--,1.905,-0.007,2.00975,-0.875,-13.09375,238.125,1.901,1.903,--
    125  05/06/2026,125,05/06/2026,Short term,1.987,--,--,1.905,-0.007,1.987,-0.875,-10.25,238.125,1.901,1.903,--
    100  05/08/2026,100,05/08/2026,Short term,1.9555,--,--,1.905,-0.007,1.9555,-0.7,-5.05,190.5,1.901,1.903,--
    100  05/13/2026,100,05/13/2026,Short term,1.98499,--,--,1.905,-0.007,1.98499,-0.7,-7.999,190.5,1.901,1.903,--
    100  05/26/2026,100,05/26/2026,Short term,1.9865,--,--,1.905,-0.007,1.9865,-0.7,-8.15,190.5,1.901,1.903,--
    150  05/26/2026,150,05/26/2026,Short term,1.9699933,--,--,1.905,-0.007,1.9699933,-1.05,-9.748995,285.75,1.901,1.903,--
    100  05/27/2026,100,05/27/2026,Short term,1.9355,--,--,1.905,-0.007,1.9355,-0.7,-3.05,190.5,1.901,1.903,--
    120  05/29/2026,120,05/29/2026,Short term,1.9165,--,--,1.905,-0.007,1.9165,-0.84,-1.38,228.6,1.901,1.903,--
    350  06/29/2026,350,06/29/2026,Short term,1.9065,--,--,1.905,-0.007,1.9065,-2.45,-0.525,666.75,1.901,1.903,--
    EWY +70 Shares (3 lots),70,06/02/2026,Short term,20.2309571,18.55,-1.64,18.55,-1.64,20.2309571,-114.8,-117.666997,1298.5,18.625,18.689,--
    10  06/02/2026,10,06/02/2026,Short term,21.2622,--,--,18.55,-1.64,21.2622,-16.4,-27.122,185.5,18.625,18.689,--
    10  06/03/2026,10,06/03/2026,Short term,21.117,--,--,18.55,-1.64,21.117,-16.4,-25.67,185.5,18.625,18.689,--
    50  06/30/2026,50,06/30/2026,Short term,19.8475,--,--,18.55,-1.64,19.8475,-82,-64.875,927.5,18.625,18.689,--
    EZPW +625 Shares (8 lots),625,05/13/2026,Short term,3.2643767,3.553,0.096,3.553,0.096,3.2643767,63.187,180.3895625,2220.625,3.511,3.611,2026-07-29
    15  05/13/2026,15,05/13/2026,Short term,3.3015333,--,--,3.553,0.096,3.3015333,1.44,3.7720005,53.295,3.511,3.611,--
    50  05/14/2026,50,05/14/2026,Short term,3.2555,--,--,3.553,0.096,3.2555,4.8,14.875,177.65,3.511,3.611,--
    75  05/27/2026,75,05/27/2026,Short term,3.341,--,--,3.553,0.096,3.341,7.2,15.9,266.475,3.511,3.611,--
    100  05/28/2026,100,05/28/2026,Short term,3.3235,--,--,3.553,0.096,3.3235,9.6,22.95,355.3,3.511,3.611,--
    75  05/28/2026,75,05/28/2026,Short term,3.215,--,--,3.553,0.096,3.215,7.2,25.35,266.475,3.511,3.611,--
    100  06/16/2026,100,06/16/2026,Short term,3.104,--,--,3.553,0.096,3.104,9.6,44.9,355.3,3.511,3.611,--
    135  06/24/2026,135,06/24/2026,Short term,3.24,--,--,3.553,0.096,3.24,12.96,42.255,479.655,3.511,3.611,--
    75  07/01/2026,75,07/01/2026,Short term,3.4145,--,--,3.553,0.096,3.4145,10.3875,10.3875,266.475,3.511,3.611,--
    FMX +80 Shares (4 lots),80,06/10/2026,Short term,12.5647749,12.811,0.021,12.811,0.021,12.5647749,1.68,19.698008,1024.88,9.911,13.357,2026-07-28
    25  06/10/2026,25,06/10/2026,Short term,12.288,--,--,12.811,0.021,12.288,0.525,13.075,320.275,9.911,13.357,--
    25  06/15/2026,25,06/15/2026,Short term,12.717,--,--,12.811,0.021,12.717,0.525,2.35,320.275,9.911,13.357,--
    15  06/24/2026,15,06/24/2026,Short term,12.6916,--,--,12.811,0.021,12.6916,0.315,1.791,192.165,9.911,13.357,--
    15  06/24/2026,15,06/24/2026,Short term,12.6455333,--,--,12.811,0.021,12.6455333,0.315,2.4820005,192.165,9.911,13.357,--
    FN +15 Shares (3 lots),15,06/11/2026,Short term,58.3258666,54.718,-1.49,54.718,-1.49,58.3258666,-14.6,-54.117999,820.77,54.825,56.08,2026-08-17
    5  06/11/2026,5,06/11/2026,Short term,59.389,--,--,54.718,-1.49,59.389,-7.45,-23.355,273.59,54.825,56.08,--
    5  06/16/2026,5,06/16/2026,Short term,60.9306,--,--,54.718,-1.49,60.9306,-7.45,-31.063,273.59,54.825,56.08,--
    5  07/01/2026,5,07/01/2026,Short term,54.658,--,--,54.718,-1.49,54.658,0.3,0.3,273.59,54.825,56.08,--
    FRCB +376 Shares (3 lots),376,08/14/2017,Long term,1.7655638,0.00011,-0.000035,0.00011,-0.000035,1.7655638,-0.01364,-663.8106288,0.04136,0,0,2023-07-27
    14  08/14/2017,14,08/14/2017,Long term,9.8594286,--,--,0.00011,-0.000035,9.8594286,-0.00049,-138.0304604,0.00154,0,0,--
    3  09/25/2018,3,09/25/2018,Long term,10.0136667,--,--,0.00011,-0.000035,10.0136667,-0.000105,-30.0406701,0.00033,0,0,--
    359  04/20/2023,359,04/20/2023,Long term,1.381,--,--,0.00011,-0.000035,1.381,-0.012565,-495.73951,0.03949,0,0,--
    GDMN +375 Shares (5 lots),375,06/15/2026,Short term,8.075872,7.262,0.021,7.262,0.021,8.075872,7.875,-305.202,2723.25,6.969,7.262,--
    50  06/15/2026,50,06/15/2026,Short term,8.81523,--,--,7.262,0.021,8.81523,1.05,-77.6615,363.1,6.969,7.262,--
    50  06/15/2026,50,06/15/2026,Short term,8.77581,--,--,7.262,0.021,8.77581,1.05,-75.6905,363.1,6.969,7.262,--
    50  06/18/2026,50,06/18/2026,Short term,8.25,--,--,7.262,0.021,8.25,1.05,-49.4,363.1,6.969,7.262,--
    125  06/22/2026,125,06/22/2026,Short term,8.0876,--,--,7.262,0.021,8.0876,2.625,-103.2,907.75,6.969,7.262,--
    100  06/29/2026,100,06/29/2026,Short term,7.2545,--,--,7.262,0.021,7.2545,2.1,0.75,726.2,6.969,7.262,--
    GM +325 Shares (9 lots),325,06/02/2026,Short term,8.0629015,7.552,-0.156,7.552,-0.156,8.0629015,-50.7,-166.0429875,2454.4,7.522,7.576,2026-07-21
    10  06/02/2026,10,06/02/2026,Short term,8.289,--,--,7.552,-0.156,8.289,-1.56,-7.37,75.52,7.522,7.576,--
    25  06/02/2026,25,06/02/2026,Short term,8.1825,--,--,7.552,-0.156,8.1825,-3.9,-15.7625,188.8,7.522,7.576,--
    25  06/03/2026,25,06/03/2026,Short term,8.325,--,--,7.552,-0.156,8.325,-3.9,-19.325,188.8,7.522,7.576,--
    40  06/05/2026,40,06/05/2026,Short term,8.256,--,--,7.552,-0.156,8.256,-6.24,-28.16,302.08,7.522,7.576,--
    50  06/09/2026,50,06/09/2026,Short term,8.1805,--,--,7.552,-0.156,8.1805,-7.8,-31.425,377.6,7.522,7.576,--
    50  06/10/2026,50,06/10/2026,Short term,8.01338,--,--,7.552,-0.156,8.01338,-7.8,-23.069,377.6,7.522,7.576,--
    25  06/16/2026,25,06/16/2026,Short term,8.251,--,--,7.552,-0.156,8.251,-3.9,-17.475,188.8,7.522,7.576,--
    50  06/29/2026,50,06/29/2026,Short term,7.76813,--,--,7.552,-0.156,7.76813,-7.8,-10.8065,377.6,7.522,7.576,--
    50  06/29/2026,50,06/29/2026,Short term,7.805,--,--,7.552,-0.156,7.805,-7.8,-12.65,377.6,7.522,7.576,--
    GOOG +55 Shares (6 lots),55,06/01/2026,Short term,35.9056363,35.789,0.456,35.789,0.456,35.9056363,25.08,-6.4149965,1968.395,35.68,35.726,2026-07-23
    3  06/01/2026,3,06/01/2026,Short term,37.302,--,--,35.789,0.456,37.302,1.368,-4.539,107.367,35.68,35.726,--
    7  06/01/2026,7,06/01/2026,Short term,37.307,--,--,35.789,0.456,37.307,3.192,-10.626,250.523,35.68,35.726,--
    10  06/05/2026,10,06/05/2026,Short term,36.7745,--,--,35.789,0.456,36.7745,4.56,-9.855,357.89,35.68,35.726,--
    10  06/18/2026,10,06/18/2026,Short term,36.1635,--,--,35.789,0.456,36.1635,4.56,-3.745,357.89,35.68,35.726,--
    20  06/22/2026,20,06/22/2026,Short term,34.914,--,--,35.789,0.456,34.914,9.12,17.5,715.78,35.68,35.726,--
    5  06/24/2026,5,06/24/2026,Short term,34.819,--,--,35.789,0.456,34.819,2.28,4.85,178.945,35.68,35.726,--
    HHH +135 Shares (5 lots),135,10/08/2025,Short term,8.4053777,7.253,0.104,7.253,0.104,8.4053777,14.04,-155.5709895,979.155,7.101,7.402,2026-08-05
    25  10/08/2025,25,10/08/2025,Short term,8.241,--,--,7.253,0.104,8.241,2.6,-24.7,181.325,7.101,7.402,--
    25  10/08/2025,25,10/08/2025,Short term,8.255,--,--,7.253,0.104,8.255,2.6,-25.05,181.325,7.101,7.402,--
    30  10/10/2025,30,10/10/2025,Short term,8.086,--,--,7.253,0.104,8.086,3.12,-24.99,217.59,7.101,7.402,--
    25  11/28/2025,25,11/28/2025,Short term,8.95,--,--,7.253,0.104,8.95,2.6,-42.425,181.325,7.101,7.402,--
    30  12/11/2025,30,12/11/2025,Short term,8.5332,--,--,7.253,0.104,8.5332,3.12,-38.406,217.59,7.101,7.402,--
    IAUM +700 Shares (7 lots),700,03/02/2026,Short term,4.5533428,4.026,0.025,4.026,0.025,4.5533428,17.5,-369.13996,2818.2,4.024,4.028,--
    50  03/02/2026,50,03/02/2026,Short term,5.318,--,--,4.026,0.025,5.318,1.25,-64.6,201.3,4.024,4.028,--
    50  03/05/2026,50,03/05/2026,Short term,5.0755,--,--,4.026,0.025,5.0755,1.25,-52.475,201.3,4.024,4.028,--
    50  03/09/2026,50,03/09/2026,Short term,5.0845,--,--,4.026,0.025,5.0845,1.25,-52.925,201.3,4.024,4.028,--
    50  03/16/2026,50,03/16/2026,Short term,5.0075,--,--,4.026,0.025,5.0075,1.25,-49.075,201.3,4.024,4.028,--
    75  04/08/2026,75,04/08/2026,Short term,4.775,--,--,4.026,0.025,4.775,1.875,-56.175,301.95,4.024,4.028,--
    175  06/15/2026,175,06/15/2026,Short term,4.3415,--,--,4.026,0.025,4.3415,4.375,-55.2125,704.55,4.024,4.028,--
    250  06/22/2026,250,06/22/2026,Short term,4.18071,--,--,4.026,0.025,4.18071,6.25,-38.6775,1006.5,4.024,4.028,--
    IBIT +150 Shares (1 lot),150,06/15/2026,Short term,3.782,3.4,0.071,3.4,0.071,3.782,10.65,-57.3,510,3.407,3.411,--
    150  06/15/2026,150,06/15/2026,Short term,3.782,--,--,3.4,0.071,3.782,10.65,-57.3,510,3.407,3.411,--
    ICHR +55 Shares (2 lots),55,06/24/2026,Short term,9.8895454,11.177,-0.051,11.177,-0.051,9.8895454,18.585,70.810003,614.735,11.35,11.42,2026-08-04
    25  06/24/2026,25,06/24/2026,Short term,9.139,--,--,11.177,-0.051,9.139,-1.275,50.95,279.425,11.35,11.42,--
    30  07/01/2026,30,07/01/2026,Short term,10.515,--,--,11.177,-0.051,10.515,19.86,19.86,335.31,11.35,11.42,--
    IGM +30 Shares (2 lots),30,06/26/2026,Short term,16.0406,16.101,-0.257,16.101,-0.257,16.0406,-4.79,1.812,483.03,16.049,16.148,--
    10  06/26/2026,10,06/26/2026,Short term,15.6978,--,--,16.101,-0.257,15.6978,-2.57,4.032,161.01,16.049,16.148,--
    20  07/01/2026,20,07/01/2026,Short term,16.212,--,--,16.101,-0.257,16.212,-2.22,-2.22,322.02,16.049,16.148,--
    IGV +25 Shares (1 lot),25,07/01/2026,Short term,9.2555,9.334,0.274,9.334,0.274,9.2555,1.962,1.9625,233.35,9.334,9.37,--
    25  07/01/2026,25,07/01/2026,Short term,9.2555,--,--,9.334,0.274,9.2555,1.9625,1.9625,233.35,9.334,9.37,--
    INCY +125 Shares (2 lots),125,06/10/2026,Short term,11.0598,11.381,0.045,11.381,0.045,11.0598,5.625,40.15,1422.625,11.299,11.6,2026-07-28
    75  06/10/2026,75,06/10/2026,Short term,10.855,--,--,11.381,0.045,10.855,3.375,39.45,853.575,11.299,11.6,--
    50  06/29/2026,50,06/29/2026,Short term,11.367,--,--,11.381,0.045,11.367,2.25,0.7,569.05,11.299,11.6,--
    INDV +325 Shares (4 lots),325,06/09/2026,Short term,3.9272707,4.025,-0.078,4.025,-0.078,3.9272707,-25.35,31.7620225,1308.125,4,4.3,2026-08-06
    75  06/09/2026,75,06/09/2026,Short term,3.8401733,--,--,4.025,-0.078,3.8401733,-5.85,13.8620025,301.875,4,4.3,--
    50  06/10/2026,50,06/10/2026,Short term,3.823,--,--,4.025,-0.078,3.823,-3.9,10.1,201.25,4,4.3,--
    100  06/11/2026,100,06/11/2026,Short term,3.8765,--,--,4.025,-0.078,3.8765,-7.8,14.85,402.5,4,4.3,--
    100  06/29/2026,100,06/29/2026,Short term,4.0955,--,--,4.025,-0.078,4.0955,-7.8,-7.05,402.5,4,4.3,--
    IWM +100 Shares (1 lot),100,06/15/2026,Short term,29.726,29.932,-0.113,29.932,-0.113,29.726,-11.3,20.6,2993.2,29.901,29.907,--
    100  06/15/2026,100,06/15/2026,Short term,29.726,--,--,29.932,-0.113,29.726,-11.3,20.6,2993.2,29.901,29.907,--
    JAZZ +25 Shares (2 lots),25,06/08/2026,Short term,22.9617199,23.751,-0.346,23.751,-0.346,22.9617199,-8.65,19.7320025,593.775,20,24.9,2026-08-04
    15  06/08/2026,15,06/08/2026,Short term,23.1895333,--,--,23.751,-0.346,23.1895333,-5.19,8.4220005,356.265,20,24.9,--
    10  06/26/2026,10,06/26/2026,Short term,22.62,--,--,23.751,-0.346,22.62,-3.46,11.31,237.51,20,24.9,--
    KGC +341 Shares (4 lots),341,01/21/2026,Short term,3.1653079,2.347,-0.015,2.347,-0.015,3.1653079,-5.115,-279.0429939,800.327,2.347,2.355,2026-07-29
    65  01/21/2026,65,01/21/2026,Short term,3.5337846,--,--,2.347,-0.015,3.5337846,-0.975,-77.140999,152.555,2.347,2.355,--
    101  03/05/2026,101,03/05/2026,Short term,3.234,--,--,2.347,-0.015,3.234,-1.515,-89.587,237.047,2.347,2.355,--
    100  03/13/2026,100,03/13/2026,Short term,3.1799,--,--,2.347,-0.015,3.1799,-1.5,-83.29,234.7,2.347,2.355,--
    75  06/15/2026,75,06/15/2026,Short term,2.734,--,--,2.347,-0.015,2.734,-1.125,-29.025,176.025,2.347,2.355,--
    LITE +10 Shares (2 lots),10,06/26/2026,Short term,82.82991,80.116,-5.69,80.116,-5.69,82.82991,-47.679,-27.1391,801.16,79.811,80.085,2026-08-12
    5  06/26/2026,5,06/26/2026,Short term,81.698,--,--,80.116,-5.69,81.698,-28.45,-7.91,400.58,79.811,80.085,--
    5  07/01/2026,5,07/01/2026,Short term,83.96182,--,--,80.116,-5.69,83.96182,-19.2291,-19.2291,400.58,79.811,80.085,--
    MDLZ +15 Shares (1 lot),15,06/12/2026,Short term,6.332,5.935,0.151,5.935,0.151,6.332,2.265,-5.955,89.025,5.936,5.982,2026-07-28
    15  06/12/2026,15,06/12/2026,Short term,6.332,--,--,5.935,0.151,6.332,2.265,-5.955,89.025,5.936,5.982,--
    MKOR +100 Shares (2 lots),100,06/12/2026,Short term,6.8705,6.26914,-0.36372,6.26914,-0.36372,6.8705,-36.372,-60.136,626.914,6.087,7.286,--
    50  06/12/2026,50,06/12/2026,Short term,6.7105,--,--,6.26914,-0.36372,6.7105,-18.186,-22.068,313.457,6.087,7.286,--
    50  06/22/2026,50,06/22/2026,Short term,7.0305,--,--,6.26914,-0.36372,7.0305,-18.186,-38.068,313.457,6.087,7.286,--
    MLPI +345 Shares (7 lots),345,05/15/2026,Short term,5.6562724,5.437,-0.065,5.437,-0.065,5.6562724,-22.425,-75.648978,1875.765,5.426,5.45,--
    50  05/15/2026,50,05/15/2026,Short term,5.791,--,--,5.437,-0.065,5.791,-3.25,-17.7,271.85,5.426,5.45,--
    50  05/20/2026,50,05/20/2026,Short term,5.747,--,--,5.437,-0.065,5.747,-3.25,-15.5,271.85,5.426,5.45,--
    50  05/26/2026,50,05/26/2026,Short term,5.706,--,--,5.437,-0.065,5.706,-3.25,-13.45,271.85,5.426,5.45,--
    50  05/27/2026,50,05/27/2026,Short term,5.63,--,--,5.437,-0.065,5.63,-3.25,-9.65,271.85,5.426,5.45,--
    50  05/27/2026,50,05/27/2026,Short term,5.59208,--,--,5.437,-0.065,5.59208,-3.25,-7.754,271.85,5.426,5.45,--
    20  05/28/2026,20,05/28/2026,Short term,5.542,--,--,5.437,-0.065,5.542,-1.3,-2.1,108.74,5.426,5.45,--
    75  06/29/2026,75,06/29/2026,Short term,5.5636,--,--,5.437,-0.065,5.5636,-4.875,-9.495,407.775,5.426,5.45,--
    MRK +125 Shares (1 lot),125,06/12/2026,Short term,12.059872,12.537,-0.313,12.537,-0.313,12.059872,-39.125,59.641,1567.125,12.477,12.6,2026-08-04
    125  06/12/2026,125,06/12/2026,Short term,12.059872,--,--,12.537,-0.313,12.059872,-39.125,59.641,1567.125,12.477,12.6,--
    MSFT +167 Shares (17 lots),167,04/29/2026,Short term,40.7857401,38.428,1.126,38.428,1.126,40.7857401,188.042,-393.7425967,6417.476,38.414,38.45,2026-07-29
    8  04/29/2026,8,04/29/2026,Short term,42.5085,--,--,38.428,1.126,42.5085,9.008,-32.644,307.424,38.414,38.45,--
    5  04/29/2026,5,04/29/2026,Short term,42.2776,--,--,38.428,1.126,42.2776,5.63,-19.248,192.14,38.414,38.45,--
    5  05/01/2026,5,05/01/2026,Short term,41.219,--,--,38.428,1.126,41.219,5.63,-13.955,192.14,38.414,38.45,--
    5  05/19/2026,5,05/19/2026,Short term,41.8616,--,--,38.428,1.126,41.8616,5.63,-17.168,192.14,38.414,38.45,--
    5  05/20/2026,5,05/20/2026,Short term,41.293,--,--,38.428,1.126,41.293,5.63,-14.325,192.14,38.414,38.45,--
    5  05/20/2026,5,05/20/2026,Short term,41.578,--,--,38.428,1.126,41.578,5.63,-15.75,192.14,38.414,38.45,--
    5  05/26/2026,5,05/26/2026,Short term,41.7736,--,--,38.428,1.126,41.7736,5.63,-16.728,192.14,38.414,38.45,--
    10  05/27/2026,10,05/27/2026,Short term,41.1825,--,--,38.428,1.126,41.1825,11.26,-27.545,384.28,38.414,38.45,--
    5  06/02/2026,5,06/02/2026,Short term,44.7,--,--,38.428,1.126,44.7,5.63,-31.36,192.14,38.414,38.45,--
    5  06/02/2026,5,06/02/2026,Short term,44.504,--,--,38.428,1.126,44.504,5.63,-30.38,192.14,38.414,38.45,--
    25  06/03/2026,25,06/03/2026,Short term,43.845,--,--,38.428,1.126,43.845,28.15,-135.425,960.7,38.414,38.45,--
    7  06/03/2026,7,06/03/2026,Short term,43.1891429,--,--,38.428,1.126,43.1891429,7.882,-33.3280003,268.996,38.414,38.45,--
    7  06/03/2026,7,06/03/2026,Short term,42.686,--,--,38.428,1.126,42.686,7.882,-29.806,268.996,38.414,38.45,--
    25  06/15/2026,25,06/15/2026,Short term,39.665,--,--,38.428,1.126,39.665,28.15,-30.925,960.7,38.414,38.45,--
    5  06/16/2026,5,06/16/2026,Short term,39.2756,--,--,38.428,1.126,39.2756,5.63,-4.238,192.14,38.414,38.45,--
    20  06/29/2026,20,06/29/2026,Short term,36.927,--,--,38.428,1.126,36.927,22.52,30.02,768.56,38.414,38.45,--
    20  06/29/2026,20,06/29/2026,Short term,36.97488,--,--,38.428,1.126,36.97488,22.52,29.0624,768.56,38.414,38.45,--
    MXL +110 Shares (3 lots),110,06/26/2026,Short term,11.4634,11.239,-1.564,11.239,-1.564,11.4634,-93.59,-24.684,1236.29,11.314,11.36,2026-07-22
    10  06/26/2026,10,06/26/2026,Short term,9.0599,--,--,11.239,-1.564,9.0599,-15.64,21.791,112.39,11.314,11.36,--
    25  06/30/2026,25,06/30/2026,Short term,11.544,--,--,11.239,-1.564,11.544,-39.1,-7.625,280.975,11.314,11.36,--
    75  07/01/2026,75,07/01/2026,Short term,11.757,--,--,11.239,-1.564,11.757,-38.85,-38.85,842.925,11.314,11.36,--
    MYRG +25 Shares (2 lots),25,05/29/2026,Short term,46.323,46.311,-3.729,46.311,-3.729,46.323,-93.225,-0.3,1157.775,46.349,47.512,2026-07-29
    15  05/29/2026,15,05/29/2026,Short term,46.337,--,--,46.311,-3.729,46.337,-55.935,-0.39,694.665,46.349,47.512,--
    10  05/29/2026,10,05/29/2026,Short term,46.302,--,--,46.311,-3.729,46.302,-37.29,0.09,463.11,46.349,47.512,--
    NBIS +20 Shares (2 lots),20,06/26/2026,Short term,24.141125,22.918,-4.699,22.918,-4.699,24.141125,-40.047,-24.4625,458.36,23.096,23.165,2026-08-06
    5  06/26/2026,5,06/26/2026,Short term,24.5,--,--,22.918,-4.699,24.5,-23.495,-7.91,114.59,23.096,23.165,--
    15  07/01/2026,15,07/01/2026,Short term,24.0215,--,--,22.918,-4.699,24.0215,-16.5525,-16.5525,343.77,23.096,23.165,--
    NEM +85 Shares (3 lots),85,02/20/2026,Short term,11.7344941,9.33,-0.01,9.33,-0.01,11.7344941,-0.85,-204.3819985,793.05,9.3,9.318,2026-07-23
    35  02/20/2026,35,02/20/2026,Short term,12.2877,--,--,9.33,-0.01,12.2877,-0.35,-103.5195,326.55,9.3,9.318,--
    25  03/13/2026,25,03/13/2026,Short term,11.1955,--,--,9.33,-0.01,11.1955,-0.25,-46.6375,233.25,9.3,9.318,--
    25  05/06/2026,25,05/06/2026,Short term,11.499,--,--,9.33,-0.01,11.499,-0.25,-54.225,233.25,9.3,9.318,--
    NEXA +1350 Shares (6 lots),1350,06/02/2026,Short term,1.4115807,1.204,-0.02,1.204,-0.02,1.4115807,-27,-280.233945,1625.4,1.193,1.2,2026-07-30
    100  06/02/2026,100,06/02/2026,Short term,1.61498,--,--,1.204,-0.02,1.61498,-2,-41.098,120.4,1.193,1.2,--
    150  06/02/2026,150,06/02/2026,Short term,1.5835,--,--,1.204,-0.02,1.5835,-3,-56.925,180.6,1.193,1.2,--
    350  06/03/2026,350,06/03/2026,Short term,1.583,--,--,1.204,-0.02,1.583,-7,-132.65,421.4,1.193,1.2,--
    200  06/22/2026,200,06/22/2026,Short term,1.3765,--,--,1.204,-0.02,1.3765,-4,-34.5,240.8,1.193,1.2,--
    350  06/29/2026,350,06/29/2026,Short term,1.2295,--,--,1.204,-0.02,1.2295,-7,-8.925,421.4,1.193,1.2,--
    200  06/29/2026,200,06/29/2026,Short term,1.23468,--,--,1.204,-0.02,1.23468,-4,-6.136,240.8,1.193,1.2,--
    NLCP +2950 Shares (6 lots),2950,05/29/2026,Short term,1.5538135,1.561,-0.035,1.561,-0.035,1.5547504492,-103.25,18.436175,4604.95,0,0,2026-08-05
    350  05/29/2026,350,05/29/2026,Short term,1.586,--,--,1.561,-0.035,1.5868257,-12.25,-9.038995,546.35,0,0,--
    350  06/02/2026,350,06/02/2026,Short term,1.519,--,--,1.561,-0.035,1.5204143,-12.25,14.204995,546.35,0,0,--
    500  06/02/2026,500,06/02/2026,Short term,1.499,--,--,1.561,-0.035,1.49999,-17.5,30.505,780.5,0,0,--
    500  06/24/2026,500,06/24/2026,Short term,1.567,--,--,1.561,-0.035,1.56799,-17.5,-3.495,780.5,0,0,--
    500  06/25/2026,500,06/25/2026,Short term,1.54,--,--,1.561,-0.035,1.54099,-17.5,10.005,780.5,0,0,--
    750  06/29/2026,750,06/29/2026,Short term,1.592,--,--,1.561,-0.035,1.59266,-26.25,-23.745,1170.75,0,0,--
    NVDA +45 Shares (1 lot),45,06/03/2026,Short term,21.69,19.758,-0.251,19.758,-0.251,21.69,-11.295,-86.94,889.11,19.731,19.744,2026-08-26
    45  06/03/2026,45,06/03/2026,Short term,21.69,--,--,19.758,-0.251,21.69,-11.295,-86.94,889.11,19.731,19.744,--
    PARR +247 Shares (4 lots),247,05/05/2026,Short term,5.8848906,5.88,0.272,5.88,0.272,5.8848906,67.184,-1.2079782,1452.36,5.553,6,2026-08-04
    17  05/05/2026,17,05/05/2026,Short term,6.789,--,--,5.88,0.272,6.789,4.624,-15.453,99.96,5.553,6,--
    20  05/11/2026,20,05/11/2026,Short term,6.468,--,--,5.88,0.272,6.468,5.44,-11.76,117.6,5.553,6,--
    35  05/22/2026,35,05/22/2026,Short term,5.7595,--,--,5.88,0.272,5.7595,9.52,4.2175,205.8,5.553,6,--
    175  06/08/2026,175,06/08/2026,Short term,5.7555,--,--,5.88,0.272,5.7555,47.6,21.7875,1029,5.553,6,--
    PBR +375 Shares (3 lots),375,06/08/2026,Short term,1.8059053,1.599,-0.017,1.599,-0.017,1.8059053,-6.375,-77.5894875,599.625,1.59,1.599,2026-08-06
    100  06/08/2026,100,06/08/2026,Short term,1.7735,--,--,1.599,-0.017,1.7735,-1.7,-17.45,159.9,1.59,1.599,--
    125  06/10/2026,125,06/10/2026,Short term,1.7925,--,--,1.599,-0.017,1.7925,-2.125,-24.1875,199.875,1.59,1.599,--
    150  06/11/2026,150,06/11/2026,Short term,1.83868,--,--,1.599,-0.017,1.83868,-2.55,-35.952,239.85,1.59,1.599,--
    PINE +1300 Shares (5 lots),1300,06/10/2026,Short term,2.0121869,2.097,0.021,2.097,0.021,2.0121869,27.3,110.25703,2726.1,1.95,2.225,2026-07-23
    675  06/10/2026,675,06/10/2026,Short term,1.9964993,--,--,2.097,0.021,1.9964993,14.175,67.8379725,1415.475,1.95,2.225,--
    200  06/10/2026,200,06/10/2026,Short term,2.021,--,--,2.097,0.021,2.021,4.2,15.2,419.4,1.95,2.225,--
    125  06/18/2026,125,06/18/2026,Short term,1.913,--,--,2.097,0.021,1.913,2.625,23,262.125,1.95,2.225,--
    150  06/30/2026,150,06/30/2026,Short term,2.08,--,--,2.097,0.021,2.08,3.15,2.55,314.55,1.95,2.225,--
    150  06/30/2026,150,06/30/2026,Short term,2.0858733,--,--,2.097,0.021,2.0858733,3.15,1.669005,314.55,1.95,2.225,--
    PLTR +255 Shares (5 lots),255,06/02/2026,Short term,14.462149,12.573,0.906,12.573,0.906,14.462149,231.03,-481.732995,3206.115,12.523,12.53,2026-08-03
    15  06/02/2026,15,06/02/2026,Short term,15.419,--,--,12.573,0.906,15.419,13.59,-42.69,188.595,12.523,12.53,--
    15  06/02/2026,15,06/02/2026,Short term,15.295,--,--,12.573,0.906,15.295,13.59,-40.83,188.595,12.523,12.53,--
    75  06/02/2026,75,06/02/2026,Short term,15.3835067,--,--,12.573,0.906,15.3835067,67.95,-210.7880025,942.975,12.523,12.53,--
    75  06/03/2026,75,06/03/2026,Short term,14.97,--,--,12.573,0.906,14.97,67.95,-179.775,942.975,12.523,12.53,--
    75  06/18/2026,75,06/18/2026,Short term,12.675,--,--,12.573,0.906,12.675,67.95,-7.65,942.975,12.523,12.53,--
    PM +130 Shares (6 lots),130,06/12/2026,Short term,18.061673,17.769,-0.322,17.769,-0.322,18.061673,-41.86,-38.04749,2309.97,17.787,17.815,2026-07-22
    5  06/12/2026,5,06/12/2026,Short term,18.1,--,--,17.769,-0.322,18.1,-1.61,-1.655,88.845,17.787,17.815,--
    25  06/15/2026,25,06/15/2026,Short term,18.367,--,--,17.769,-0.322,18.367,-8.05,-14.95,444.225,17.787,17.815,--
    25  06/15/2026,25,06/15/2026,Short term,18.304,--,--,17.769,-0.322,18.304,-8.05,-13.375,444.225,17.787,17.815,--
    20  06/18/2026,20,06/18/2026,Short term,17.961,--,--,17.769,-0.322,17.961,-6.44,-3.84,355.38,17.787,17.815,--
    30  06/22/2026,30,06/22/2026,Short term,17.6745,--,--,17.769,-0.322,17.6745,-9.66,2.835,533.07,17.787,17.815,--
    25  06/29/2026,25,06/29/2026,Short term,18.0515,--,--,17.769,-0.322,18.0515,-8.05,-7.0625,444.225,17.787,17.815,--
    PPLT +100 Shares (1 lot),100,05/14/2026,Short term,1.87595,1.429,0.016,1.429,0.016,1.87595,1.6,-44.695,142.9,1.43,1.439,--
    100  05/14/2026,100,05/14/2026,Short term,1.87595,--,--,1.429,0.016,1.87595,1.6,-44.695,142.9,1.43,1.439,--
    PSTL +1600 Shares (15 lots),1600,03/09/2026,Short term,2.3284009,2.472,0.008,2.472,0.008,2.3284009,12.8,229.75856,3955.2,2.214,2.472,2026-08-03
    50  03/09/2026,50,03/09/2026,Short term,1.92802,--,--,2.472,0.008,1.92802,0.4,27.199,123.6,2.214,2.472,--
    50  05/01/2026,50,05/01/2026,Short term,2.1985,--,--,2.472,0.008,2.1985,0.4,13.675,123.6,2.214,2.472,--
    50  05/07/2026,50,05/07/2026,Short term,2.299,--,--,2.472,0.008,2.299,0.4,8.65,123.6,2.214,2.472,--
    50  05/11/2026,50,05/11/2026,Short term,2.335,--,--,2.472,0.008,2.335,0.4,6.85,123.6,2.214,2.472,--
    100  05/22/2026,100,05/22/2026,Short term,2.38199,--,--,2.472,0.008,2.38199,0.8,9.001,247.2,2.214,2.472,--
    75  05/28/2026,75,05/28/2026,Short term,2.4105,--,--,2.472,0.008,2.4105,0.6,4.6125,185.4,2.214,2.472,--
    175  05/28/2026,175,05/28/2026,Short term,2.346,--,--,2.472,0.008,2.346,1.4,22.05,432.6,2.214,2.472,--
    150  05/29/2026,150,05/29/2026,Short term,2.295,--,--,2.472,0.008,2.295,1.2,26.55,370.8,2.214,2.472,--
    50  05/29/2026,50,05/29/2026,Short term,2.29,--,--,2.472,0.008,2.29,0.4,9.1,123.6,2.214,2.472,--
    100  06/02/2026,100,06/02/2026,Short term,2.252,--,--,2.472,0.008,2.252,0.8,22,247.2,2.214,2.472,--
    100  06/03/2026,100,06/03/2026,Short term,2.2465,--,--,2.472,0.008,2.2465,0.8,22.55,247.2,2.214,2.472,--
    150  06/15/2026,150,06/15/2026,Short term,2.3665,--,--,2.472,0.008,2.3665,1.2,15.825,370.8,2.214,2.472,--
    100  06/15/2026,100,06/15/2026,Short term,2.316,--,--,2.472,0.008,2.316,0.8,15.6,247.2,2.214,2.472,--
    200  06/25/2026,200,06/25/2026,Short term,2.3385,--,--,2.472,0.008,2.3385,1.6,26.7,494.4,2.214,2.472,--
    200  06/29/2026,200,06/29/2026,Short term,2.47502,--,--,2.472,0.008,2.47502,1.6,-0.604,494.4,2.214,2.472,--
    PSUS +1050 Shares (11 lots),1050,05/28/2026,Short term,3.8411795,3.888,0.15,3.888,0.15,3.8411795,157.5,49.161525,4082.4,3.8,3.935,--
    100  05/28/2026,100,05/28/2026,Short term,4.066,--,--,3.888,0.15,4.066,15,-17.8,388.8,3.8,3.935,--
    100  05/29/2026,100,05/29/2026,Short term,4.021,--,--,3.888,0.15,4.021,15,-13.3,388.8,3.8,3.935,--
    50  06/01/2026,50,06/01/2026,Short term,3.94,--,--,3.888,0.15,3.94,7.5,-2.6,194.4,3.8,3.935,--
    75  06/02/2026,75,06/02/2026,Short term,3.941,--,--,3.888,0.15,3.941,11.25,-3.975,291.6,3.8,3.935,--
    100  06/05/2026,100,06/05/2026,Short term,3.87151,--,--,3.888,0.15,3.87151,15,1.649,388.8,3.8,3.935,--
    75  06/08/2026,75,06/08/2026,Short term,3.753,--,--,3.888,0.15,3.753,11.25,10.125,291.6,3.8,3.935,--
    125  06/10/2026,125,06/10/2026,Short term,3.774,--,--,3.888,0.15,3.774,18.75,14.25,486,3.8,3.935,--
    125  06/11/2026,125,06/11/2026,Short term,3.7615,--,--,3.888,0.15,3.7615,18.75,15.8125,486,3.8,3.935,--
    100  06/11/2026,100,06/11/2026,Short term,3.763,--,--,3.888,0.15,3.763,15,12.5,388.8,3.8,3.935,--
    100  06/11/2026,100,06/11/2026,Short term,3.735,--,--,3.888,0.15,3.735,15,15.3,388.8,3.8,3.935,--
    100  06/25/2026,100,06/25/2026,Short term,3.716,--,--,3.888,0.15,3.716,15,17.2,388.8,3.8,3.935,--
    QQQ +20 Shares (1 lot),20,06/15/2026,Short term,73.819,72.517,-1.123,72.517,-1.123,73.819,-22.46,-26.04,1450.34,72.482,72.489,--
    20  06/15/2026,20,06/15/2026,Short term,73.819,--,--,72.517,-1.123,73.819,-22.46,-26.04,1450.34,72.482,72.489,--
    REMX +95 Shares (5 lots),95,05/08/2026,Short term,10.0307368,8.766,-0.084,8.766,-0.084,10.0307368,-7.98,-120.149996,832.77,8.737,8.764,--
    10  05/08/2026,10,05/08/2026,Short term,10.638,--,--,8.766,-0.084,10.638,-0.84,-18.72,87.66,8.737,8.764,--
    20  05/14/2026,20,05/14/2026,Short term,10.04375,--,--,8.766,-0.084,10.04375,-1.68,-25.555,175.32,8.737,8.764,--
    25  05/14/2026,25,05/14/2026,Short term,9.985,--,--,8.766,-0.084,9.985,-2.1,-30.475,219.15,8.737,8.764,--
    20  05/29/2026,20,05/29/2026,Short term,9.97,--,--,8.766,-0.084,9.97,-1.68,-24.08,175.32,8.737,8.764,--
    20  06/03/2026,20,06/03/2026,Short term,9.832,--,--,8.766,-0.084,9.832,-1.68,-21.32,175.32,8.737,8.764,--
    RTX +70 Shares (3 lots),70,06/08/2026,Short term,18.0989857,19.178,0.205,19.178,0.205,18.0989857,14.35,75.531001,1342.46,19.125,19.178,2026-07-23
    25  06/08/2026,25,06/08/2026,Short term,17.9065,--,--,19.178,0.205,17.9065,5.125,31.7875,479.45,19.125,19.178,--
    20  06/10/2026,20,06/10/2026,Short term,18.2402,--,--,19.178,0.205,18.2402,4.1,18.756,383.56,19.125,19.178,--
    25  06/22/2026,25,06/22/2026,Short term,18.1785,--,--,19.178,0.205,18.1785,5.125,24.9875,479.45,19.125,19.178,--
    SHLD +50 Shares (1 lot),50,04/24/2026,Short term,6.74316,6.12,0.149,6.12,0.149,6.74316,7.45,-31.158,306,6.1,6.206,2018-11-30
    50  04/24/2026,50,04/24/2026,Short term,6.74316,--,--,6.12,0.149,6.74316,7.45,-31.158,306,6.1,6.206,--
    SIL +65 Shares (2 lots),65,01/28/2026,Short term,11.1770615,7.719,-0.027,7.719,-0.027,11.1770615,-1.755,-224.7739975,501.735,7.71,7.989,--
    50  01/28/2026,50,01/28/2026,Short term,11.44798,--,--,7.719,-0.027,11.44798,-1.35,-186.449,385.95,7.71,7.989,--
    15  03/05/2026,15,03/05/2026,Short term,10.274,--,--,7.719,-0.027,10.274,-0.405,-38.325,115.785,7.71,7.989,--
    SLV +120 Shares (4 lots),120,03/09/2026,Short term,7.4362,5.358,0.011,5.358,0.011,7.4362,1.32,-249.384,642.96,5.357,5.363,--
    25  03/09/2026,25,03/09/2026,Short term,7.6226,--,--,5.358,0.011,7.6226,0.275,-56.615,133.95,5.357,5.363,--
    25  03/11/2026,25,03/11/2026,Short term,7.693,--,--,5.358,0.011,7.693,0.275,-58.375,133.95,5.357,5.363,--
    40  05/14/2026,40,05/14/2026,Short term,7.663725,--,--,5.358,0.011,7.663725,0.44,-92.229,214.32,5.357,5.363,--
    30  05/27/2026,30,05/27/2026,Short term,6.7635,--,--,5.358,0.011,6.7635,0.33,-42.165,160.74,5.357,5.363,--
    SNDK +10 Shares (4 lots),10,06/26/2026,Short term,209.7284,203.222,-24.151,203.222,-24.151,209.7284,-241.51,-65.064,2032.22,201.525,201.76,2026-08-24
    2  06/26/2026,2,06/26/2026,Short term,223.7045,--,--,203.222,-24.151,223.7045,-48.302,-40.965,406.444,201.525,201.76,--
    1  06/26/2026,1,06/26/2026,Short term,216.832,--,--,203.222,-24.151,216.832,-24.151,-13.61,203.222,201.525,201.76,--
    3  06/26/2026,3,06/26/2026,Short term,209.071,--,--,203.222,-24.151,209.071,-72.453,-17.547,609.666,201.525,201.76,--
    4  06/29/2026,4,06/29/2026,Short term,201.4575,--,--,203.222,-24.151,201.4575,-96.604,7.058,812.888,201.525,201.76,--
    SNEX +175 Shares (3 lots),175,06/26/2026,Short term,12.8398571,12.374,0.524,12.374,0.524,12.8398571,91.7,-81.5249925,2165.45,12.397,12.65,2026-08-04
    25  06/26/2026,25,06/26/2026,Short term,13.6835,--,--,12.374,0.524,13.6835,13.1,-32.7375,309.35,12.397,12.65,--
    75  06/26/2026,75,06/26/2026,Short term,13.577,--,--,12.374,0.524,13.577,39.3,-90.225,928.05,12.397,12.65,--
    75  06/29/2026,75,06/29/2026,Short term,11.8215,--,--,12.374,0.524,11.8215,39.3,41.4375,928.05,12.397,12.65,--
    SPCX +90 Shares (5 lots),90,06/16/2026,Short term,19.3047366,15.754,-1.332,15.754,-1.332,19.3047366,-111.171,-319.566294,1417.86,15.795,15.808,--
    15  06/16/2026,15,06/16/2026,Short term,19.654,--,--,15.754,-1.332,19.654,-19.98,-58.5,236.31,15.795,15.808,--
    25  06/17/2026,25,06/17/2026,Short term,20.234,--,--,15.754,-1.332,20.234,-33.3,-112,393.85,15.795,15.808,--
    10  06/17/2026,10,06/17/2026,Short term,20.001,--,--,15.754,-1.332,20.001,-13.32,-42.47,157.54,15.795,15.808,--
    25  06/17/2026,25,06/17/2026,Short term,19.567,--,--,15.754,-1.332,19.567,-33.3,-95.325,393.85,15.795,15.808,--
    15  07/01/2026,15,07/01/2026,Short term,16.50542,--,--,15.754,-1.332,16.50542,-11.2713,-11.2713,236.31,15.795,15.808,--
    SPMO +135 Shares (2 lots),135,06/12/2026,Short term,15.4451222,15.532,-0.622,15.532,-0.622,15.4451222,-71.283,11.728503,2096.82,15.52,15.571,--
    100  06/12/2026,100,06/12/2026,Short term,15.32389,--,--,15.532,-0.622,15.32389,-62.2,20.811,1553.2,15.52,15.571,--
    35  07/01/2026,35,07/01/2026,Short term,15.7915,--,--,15.532,-0.622,15.7915,-9.0825,-9.0825,543.62,15.52,15.571,--
    SSRM +375 Shares (2 lots),375,04/08/2026,Short term,3.4341,2.883,0.055,2.883,0.055,3.4341,20.625,-206.6625,1081.125,2.83,2.977,2026-08-04
    200  04/08/2026,200,04/08/2026,Short term,3.495,--,--,2.883,0.055,3.495,11,-122.4,576.6,2.83,2.977,--
    175  04/09/2026,175,04/09/2026,Short term,3.3645,--,--,2.883,0.055,3.3645,9.625,-84.2625,504.525,2.83,2.977,--
    STRL +30 Shares (3 lots),30,06/08/2026,Short term,85.4994333,77.655,-6.281,77.655,-6.281,85.4994333,-160.1,-235.332999,2329.65,77.574,78.8,2026-08-03
    15  06/08/2026,15,06/08/2026,Short term,89.434,--,--,77.655,-6.281,89.434,-94.215,-176.685,1164.825,77.574,78.8,--
    10  06/26/2026,10,06/26/2026,Short term,83.2123,--,--,77.655,-6.281,83.2123,-62.81,-55.573,776.55,77.574,78.8,--
    5  07/01/2026,5,07/01/2026,Short term,78.27,--,--,77.655,-6.281,78.27,-3.075,-3.075,388.275,77.574,78.8,--
    SYF +65 Shares (2 lots),65,09/10/2025,Short term,7.6148923,7.677,0.072,7.677,0.072,7.6148923,4.68,4.0370005,499.005,7.601,7.743,2026-07-21
    45  09/10/2025,45,09/10/2025,Short term,7.6011556,--,--,7.677,0.072,7.6011556,3.24,3.412998,345.465,7.601,7.743,--
    20  01/23/2026,20,01/23/2026,Short term,7.6458,--,--,7.677,0.072,7.6458,1.44,0.624,153.54,7.601,7.743,--
    THG +70 Shares (3 lots),70,06/11/2026,Short term,19.8093428,21.676,0.264,21.676,0.264,19.8093428,18.48,130.666004,1517.32,19.2,34.822,2026-07-28
    5  06/11/2026,5,06/11/2026,Short term,19.808,--,--,21.676,0.264,19.808,1.32,9.34,108.38,19.2,34.822,--
    50  06/11/2026,50,06/11/2026,Short term,19.83012,--,--,21.676,0.264,19.83012,13.2,92.294,1083.8,19.2,34.822,--
    15  06/18/2026,15,06/18/2026,Short term,19.7405333,--,--,21.676,0.264,19.7405333,3.96,29.0320005,325.14,19.2,34.822,--
    TIGO +460 Shares (10 lots),460,06/10/2026,Short term,8.9465782,9.049,-0.027,9.049,-0.027,8.9465782,-12.42,47.114028,4162.54,9.049,9.4,2026-08-06
    50  06/10/2026,50,06/10/2026,Short term,8.96064,--,--,9.049,-0.027,8.96064,-1.35,4.418,452.45,9.049,9.4,--
    50  06/15/2026,50,06/15/2026,Short term,9.2375,--,--,9.049,-0.027,9.2375,-1.35,-9.425,452.45,9.049,9.4,--
    50  06/15/2026,50,06/15/2026,Short term,9.2606,--,--,9.049,-0.027,9.2606,-1.35,-10.58,452.45,9.049,9.4,--
    50  06/16/2026,50,06/16/2026,Short term,8.576,--,--,9.049,-0.027,8.576,-1.35,23.65,452.45,9.049,9.4,--
    35  06/18/2026,35,06/18/2026,Short term,8.69,--,--,9.049,-0.027,8.69,-0.945,12.565,316.715,9.049,9.4,--
    35  06/18/2026,35,06/18/2026,Short term,8.5382,--,--,9.049,-0.027,8.5382,-0.945,17.878,316.715,9.049,9.4,--
    25  06/24/2026,25,06/24/2026,Short term,8.819,--,--,9.049,-0.027,8.819,-0.675,5.75,226.225,9.049,9.4,--
    40  06/25/2026,40,06/25/2026,Short term,8.717,--,--,9.049,-0.027,8.717,-1.08,13.28,361.96,9.049,9.4,--
    75  06/29/2026,75,06/29/2026,Short term,9.1466267,--,--,9.049,-0.027,9.1466267,-2.025,-7.3220025,678.675,9.049,9.4,--
    50  06/30/2026,50,06/30/2026,Short term,9.111,--,--,9.049,-0.027,9.111,-1.35,-3.1,452.45,9.049,9.4,--
    TSLA +30 Shares (4 lots),30,06/09/2026,Short term,39.1366,42.53,0.47,42.53,0.47,39.1366,14.1,101.802,1275.9,42.305,42.356,2026-07-22
    5  06/09/2026,5,06/09/2026,Short term,39.233,--,--,42.53,0.47,39.233,2.35,16.485,212.65,42.305,42.356,--
    10  06/10/2026,10,06/10/2026,Short term,39.111,--,--,42.53,0.47,39.111,4.7,34.19,425.3,42.305,42.356,--
    10  06/11/2026,10,06/11/2026,Short term,38.4725,--,--,42.53,0.47,38.4725,4.7,40.575,425.3,42.305,42.356,--
    5  06/16/2026,5,06/16/2026,Short term,40.4196,--,--,42.53,0.47,40.4196,2.35,10.552,212.65,42.305,42.356,--
    TTMI +160 Shares (9 lots),160,06/12/2026,Short term,19.739209,17.97,-0.732,17.97,-0.732,19.739209,-103.211,-283.07344,2875.2,17.782,18,2026-07-29
    15  06/12/2026,15,06/12/2026,Short term,19.429,--,--,17.97,-0.732,19.429,-10.98,-21.885,269.55,17.782,18,--
    25  06/22/2026,25,06/22/2026,Short term,21.2515,--,--,17.97,-0.732,21.2515,-18.3,-82.0375,449.25,17.782,18,--
    10  06/24/2026,10,06/24/2026,Short term,21.1825,--,--,17.97,-0.732,21.1825,-7.32,-32.125,179.7,17.782,18,--
    10  06/25/2026,10,06/25/2026,Short term,20.72,--,--,17.97,-0.732,20.72,-7.32,-27.5,179.7,17.782,18,--
    25  06/26/2026,25,06/26/2026,Short term,19.582,--,--,17.97,-0.732,19.582,-18.3,-40.3,449.25,17.782,18,--
    25  06/26/2026,25,06/26/2026,Short term,19.658,--,--,17.97,-0.732,19.658,-18.3,-42.2,449.25,17.782,18,--
    15  06/26/2026,15,06/26/2026,Short term,19.597,--,--,17.97,-0.732,19.597,-10.98,-24.405,269.55,17.782,18,--
    20  06/29/2026,20,06/29/2026,Short term,18.7475,--,--,17.97,-0.732,18.7475,-14.64,-15.55,359.4,17.782,18,--
    15  07/01/2026,15,07/01/2026,Short term,17.77473,--,--,17.97,-0.732,17.77473,2.92905,2.92905,269.55,17.782,18,--
    UBER +215.393 Shares (4 lots),215.393,07/15/2025,Short term,8.7370341,7.266,0.05,7.266,0.05,8.7370341,10.769538,-316.8504479013,1565.045538,7.273,7.282,2026-08-05
    35  07/15/2025,35,07/15/2025,Short term,9.345,--,--,7.266,0.05,9.345,1.75,-72.765,254.31,7.273,7.282,--
    45  09/10/2025,45,09/10/2025,Short term,9.5160889,--,--,7.266,0.05,9.5160889,2.25,-101.2540005,326.97,7.273,7.282,--
    60  09/10/2025,60,09/10/2025,Short term,9.5202333,--,--,7.266,0.05,9.5202333,3,-135.253998,435.96,7.273,7.282,--
    75.393  06/30/2026,75.393,06/30/2026,Short term,7.3665062,--,--,7.266,0.05,7.3665062,3.76965,-7.5774639366,547.805538,7.273,7.282,--
    UNFI +875 Shares (13 lots),875,05/20/2026,Short term,5.0637771,4.568,0.001,4.568,0.001,5.0637771,0.875,-433.8049625,3997,4.5,4.568,2026-09-29
    30  05/20/2026,30,05/20/2026,Short term,5.0197,--,--,4.568,0.001,5.0197,0.03,-13.551,137.04,4.5,4.568,--
    40  05/21/2026,40,05/21/2026,Short term,4.912475,--,--,4.568,0.001,4.912475,0.04,-13.779,182.72,4.5,4.568,--
    45  05/22/2026,45,05/22/2026,Short term,4.922,--,--,4.568,0.001,4.922,0.045,-15.93,205.56,4.5,4.568,--
    60  05/29/2026,60,05/29/2026,Short term,5.14,--,--,4.568,0.001,5.14,0.06,-34.32,274.08,4.5,4.568,--
    25  06/02/2026,25,06/02/2026,Short term,5.1795,--,--,4.568,0.001,5.1795,0.025,-15.2875,114.2,4.5,4.568,--
    100  06/08/2026,100,06/08/2026,Short term,5.6205,--,--,4.568,0.001,5.6205,0.1,-105.25,456.8,4.5,4.568,--
    100  06/08/2026,100,06/08/2026,Short term,5.5485,--,--,4.568,0.001,5.5485,0.1,-98.05,456.8,4.5,4.568,--
    50  06/08/2026,50,06/08/2026,Short term,5.164,--,--,4.568,0.001,5.164,0.05,-29.8,228.4,4.5,4.568,--
    100  06/10/2026,100,06/10/2026,Short term,4.848,--,--,4.568,0.001,4.848,0.1,-28,456.8,4.5,4.568,--
    75  06/15/2026,75,06/15/2026,Short term,5.033,--,--,4.568,0.001,5.033,0.075,-34.875,342.6,4.5,4.568,--
    75  06/26/2026,75,06/26/2026,Short term,4.9185,--,--,4.568,0.001,4.9185,0.075,-26.2875,342.6,4.5,4.568,--
    100  06/29/2026,100,06/29/2026,Short term,4.7165,--,--,4.568,0.001,4.7165,0.1,-14.85,456.8,4.5,4.568,--
    75  06/29/2026,75,06/29/2026,Short term,4.619,--,--,4.568,0.001,4.619,0.075,-3.825,342.6,4.5,4.568,--
    UNH +110 Shares (4 lots),110,06/10/2026,Short term,40.8042,42.654,1.091,42.654,1.091,40.8042,120.01,203.478,4691.94,42.55,42.65,2026-07-16
    25  06/10/2026,25,06/10/2026,Short term,40.815,--,--,42.654,1.091,40.815,27.275,45.975,1066.35,42.55,42.65,--
    25  06/12/2026,25,06/12/2026,Short term,40.66948,--,--,42.654,1.091,40.66948,27.275,49.613,1066.35,42.55,42.65,--
    50  06/12/2026,50,06/12/2026,Short term,40.6645,--,--,42.654,1.091,40.6645,54.55,99.475,2132.7,42.55,42.65,--
    10  06/29/2026,10,06/29/2026,Short term,41.8125,--,--,42.654,1.091,41.8125,10.91,8.415,426.54,42.55,42.65,--
    URA +25 Shares (1 lot),25,06/03/2026,Short term,5.163,4.318,-0.052,4.318,-0.052,5.163,-1.3,-21.125,107.95,4.334,4.358,--
    25  06/03/2026,25,06/03/2026,Short term,5.163,--,--,4.318,-0.052,5.163,-1.3,-21.125,107.95,4.334,4.358,--
    USAR +535 Shares (6 lots),535,06/08/2026,Short term,2.1503887,1.998,-0.16,1.998,-0.16,2.1503887,-85.6,-81.5279545,1068.93,2.012,2.022,2026-08-10
    100  06/08/2026,100,06/08/2026,Short term,2.29,--,--,1.998,-0.16,2.29,-16,-29.2,199.8,2.012,2.022,--
    200  06/11/2026,200,06/11/2026,Short term,2.14888,--,--,1.998,-0.16,2.14888,-32,-30.176,399.6,2.012,2.022,--
    100  06/24/2026,100,06/24/2026,Short term,2.176,--,--,1.998,-0.16,2.176,-16,-17.8,199.8,2.012,2.022,--
    10  06/25/2026,10,06/25/2026,Short term,2.0355,--,--,1.998,-0.16,2.0355,-1.6,-0.375,19.98,2.012,2.022,--
    100  06/25/2026,100,06/25/2026,Short term,2.03677,--,--,1.998,-0.16,2.03677,-16,-3.877,199.8,2.012,2.022,--
    25  06/26/2026,25,06/26/2026,Short term,2.002,--,--,1.998,-0.16,2.002,-4,-0.1,49.95,2.012,2.022,--
    USO +165 Shares (3 lots),165,06/09/2026,Short term,13.1861818,10.327,-0.317,10.327,-0.317,13.1861818,-52.305,-471.764997,1703.955,10.32,10.344,--
    100  06/09/2026,100,06/09/2026,Short term,13.201,--,--,10.327,-0.317,13.201,-31.7,-287.4,1032.7,10.32,10.344,--
    15  06/11/2026,15,06/11/2026,Short term,13.378,--,--,10.327,-0.317,13.378,-4.755,-45.765,154.905,10.32,10.344,--
    50  06/11/2026,50,06/11/2026,Short term,13.099,--,--,10.327,-0.317,13.099,-15.85,-138.6,516.35,10.32,10.344,--
    VGSH +1000 Shares (4 lots),1000,06/15/2026,Short term,5.8235419,5.802,-0.0002,5.802,-0.0002,5.8235419,-0.2,-21.5419,5802,5.801,5.804,--
    310  06/15/2026,310,06/15/2026,Short term,5.82299,--,--,5.802,-0.0002,5.82299,-0.062,-6.5069,1798.62,5.801,5.804,--
    100  06/26/2026,100,06/26/2026,Short term,5.8255,--,--,5.802,-0.0002,5.8255,-0.02,-2.35,580.2,5.801,5.804,--
    500  06/29/2026,500,06/29/2026,Short term,5.8235,--,--,5.802,-0.0002,5.8235,-0.1,-10.75,2901,5.801,5.804,--
    90  06/29/2026,90,06/29/2026,Short term,5.8235,--,--,5.802,-0.0002,5.8235,-0.018,-1.935,522.18,5.801,5.804,--
    VRT +15 Shares (2 lots),15,06/26/2026,Short term,31.4626666,31.142,-2.34,31.142,-2.34,31.4626666,-20.025,-4.809999,467.13,31.35,31.38,2026-07-29
    5  06/26/2026,5,06/26/2026,Short term,30.439,--,--,31.142,-2.34,30.439,-11.7,3.515,155.71,31.35,31.38,--
    10  07/01/2026,10,07/01/2026,Short term,31.9745,--,--,31.142,-2.34,31.9745,-8.325,-8.325,311.42,31.35,31.38,--
    VTIP +500 Shares (2 lots),500,05/27/2026,Short term,5.0295,4.952,-0.003,4.952,-0.003,5.0295,-1.5,-38.75,2476,4.952,4.959,--
    100  05/27/2026,100,05/27/2026,Short term,5.0335,--,--,4.952,-0.003,5.0335,-0.3,-8.15,495.2,4.952,4.959,--
    400  06/29/2026,400,06/29/2026,Short term,5.0285,--,--,4.952,-0.003,5.0285,-1.2,-30.6,1980.8,4.952,4.959,--
    XOM +125 Shares (3 lots),125,06/10/2026,Short term,15.0982,13.628,-0.044,13.628,-0.044,15.0982,-5.5,-183.775,1703.5,13.631,13.633,2026-07-31
    50  06/10/2026,50,06/10/2026,Short term,15.076,--,--,13.628,-0.044,15.076,-2.2,-72.4,681.4,13.631,13.633,--
    50  06/10/2026,50,06/10/2026,Short term,15.102,--,--,13.628,-0.044,15.102,-2.2,-73.7,681.4,13.631,13.633,--
    25  06/11/2026,25,06/11/2026,Short term,15.135,--,--,13.628,-0.044,15.135,-1.1,-37.675,340.7,13.631,13.633,--
Portfolio Analysis,--,--,--,--,--,--,--,--,--,-917.763352,-7954.5622485013,169403.047648,--,--,--
Cash on Deposit: $227.13,--,--,--,--,--,--,--,--,--,--,--,--,--,--,--
