"900001004, as of 07/01/26 at 07:40 PM EST"
Date / Time,Type,Account #,Account Name,Description,Fee,Comm,Amount
 06/30/2026 11:59:39 AM,Bought,900001004,Individual 401(k) - x1004,40 of GM @ $7.63 (Order # 5999),--,$0,-$305.2
 06/30/2026 11:53:59 AM,Sold,900001004,Individual 401(k) - x1004,7 of VTI @ $36.935 (Order # 7556),--,$0.006,$258.541
 06/30/2026 03:00:00 AM,Dividend,900001004,Individual 401(k) - x1004,0 of GRNY @ $0,--,$0,$0.404
 06/30/2026 03:00:00 AM,Dividend,900001004,Individual 401(k) - x1004,0 of VTI @ $0,--,$0,$0.731
 06/30/2026 03:00:00 AM,Interest Income,900001004,Individual 401(k) - x1004,MORGAN STANLEY BANK N.A. (Period 06/01-06/30),--,$0,$0.024
 06/30/2026 03:00:00 AM,Sweep,900001004,Individual 401(k) - x1004,BANK DEPOSIT PROGRAM,--,$0,-$0.024
 06/30/2026 03:00:00 AM,Sweep,900001004,Individual 401(k) - x1004,BANK DEPOSIT PROGRAM,--,$0,-$47.693
 06/29/2026 03:56:06 PM,Bought,900001004,Individual 401(k) - x1004,15 of MSFT @ $36.85 (Order # 4766),--,$0,-$552.75
 06/29/2026 03:53:56 PM,Sold,900001004,Individual 401(k) - x1004,25 of AMZN @ $24.018 (Order # 1582),--,$0.013,$600.443
 06/29/2026 03:00:00 AM,Sweep,900001004,Individual 401(k) - x1004,BANK DEPOSIT PROGRAM,--,$0,$443.105
 06/26/2026 01:24:43 PM,Bought,900001004,Individual 401(k) - x1004,120 of VGSH @ $5.826 (Order # 4555),--,$0,-$699.119
 06/26/2026 01:23:44 PM,Sold,900001004,Individual 401(k) - x1004,200 of IBIT @ $3.399 (Order # 8996),--,$0.015,$679.861
 06/26/2026 01:22:37 PM,Bought,900001004,Individual 401(k) - x1004,15 of SPMO @ $15.659 (Order # 6323),--,$0,-$234.885
 06/26/2026 01:22:04 PM,Bought,900001004,Individual 401(k) - x1004,20 of EWY @ $20.116 (Order # 8133),--,$0,-$402.31
 06/26/2026 01:21:07 PM,Sold,900001004,Individual 401(k) - x1004,35 of GDE @ $6.096 (Order # 8279),--,$0.005,$213.348
 06/26/2026 03:00:00 AM,Dividend,900001004,Individual 401(k) - x1004,0 of SPMO @ $0,--,$0,$1.226
 06/26/2026 03:00:00 AM,Dividend,900001004,Individual 401(k) - x1004,0 of VOOV @ $0,--,$0,$2.112
 06/26/2026 03:00:00 AM,Sweep,900001004,Individual 401(k) - x1004,BANK DEPOSIT PROGRAM,--,$0,-$3.338
 06/25/2026 03:00:00 AM,Sweep,900001004,Individual 401(k) - x1004,BANK DEPOSIT PROGRAM,--,$0,"$3,824.6"
 06/24/2026 10:20:31 AM,Bought,900001004,Individual 401(k) - x1004,400 of IBIT @ $3.443 (Order # 7828),--,$0,"-$1,377.2"
 06/24/2026 10:13:19 AM,Bought,900001004,Individual 401(k) - x1004,400 of IBIT @ $3.456 (Order # 1221),--,$0,"-$1,382.4"
 06/24/2026 09:30:00 AM,Bought,900001004,Individual 401(k) - x1004,150 of GDMN @ $7.1 (Order # 6027),--,$0,"-$1,065"
 06/23/2026 03:00:00 AM,Sweep,900001004,Individual 401(k) - x1004,BANK DEPOSIT PROGRAM,--,$0,-$1.969
 06/23/2026 03:00:00 AM,Dividend,900001004,Individual 401(k) - x1004,0 of VT @ $0,--,$0,$1.969
 06/22/2026 03:00:00 AM,Sweep,900001004,Individual 401(k) - x1004,BANK DEPOSIT PROGRAM,--,$0,-$394.818
 06/18/2026 09:31:33 AM,Sold,900001004,Individual 401(k) - x1004,3 of BE @ $30.499 (Order # 4729),--,$0.002,$91.495
 06/18/2026 09:31:28 AM,Sold,900001004,Individual 401(k) - x1004,10 of BE @ $30.333 (Order # 8989),--,$0.007,$303.323
 06/18/2026 03:00:00 AM,Qualified Dividend,900001004,Individual 401(k) - x1004,GENERAL MTRS CO REC 06/18/26 PAY 06/18/26 RATE 0.00000000 QTY 0.00000000,--,$0,$1.8
 06/18/2026 03:00:00 AM,Dividend,900001004,Individual 401(k) - x1004,0 of IWM @ $0,--,$0,$0.904
 06/18/2026 03:00:00 AM,Dividend,900001004,Individual 401(k) - x1004,0 of IFRA @ $0,--,$0,$0.914
 06/18/2026 03:00:00 AM,Sweep,900001004,Individual 401(k) - x1004,BANK DEPOSIT PROGRAM,--,$0,$571.321
 06/17/2026 10:27:56 AM,Bought,900001004,Individual 401(k) - x1004,10 of AMZN @ $24.229 (Order # 2806),--,$0,-$242.29
 06/17/2026 10:27:20 AM,Sold,900001004,Individual 401(k) - x1004,25 of GDE @ $6.614 (Order # 6987),--,$0.004,$165.35
 06/17/2026 10:24:56 AM,Bought,900001004,Individual 401(k) - x1004,10 of MSFT @ $38.765 (Order # 9008),--,$0,-$387.65
 06/17/2026 10:23:32 AM,Sold,900001004,Individual 401(k) - x1004,50 of GDMN @ $9.054 (Order # 9984),--,$0.01,$452.665
 06/17/2026 10:18:47 AM,Bought,900001004,Individual 401(k) - x1004,50 of SPCX @ $19.567 (Order # 3674),--,$0,-$978.35
 06/17/2026 10:13:34 AM,Sold,900001004,Individual 401(k) - x1004,25 of IFRA @ $6.232 (Order # 5003),--,$0.004,$155.796
 06/17/2026 10:12:32 AM,Sold,900001004,Individual 401(k) - x1004,23 of SPMO @ $15.661 (Order # 8105),--,$0.008,$360.192
 06/17/2026 10:11:59 AM,Sold,900001004,Individual 401(k) - x1004,25 of EMEQ @ $7.204 (Order # 3940),--,$0.004,$180.096
 06/17/2026 10:10:54 AM,Sold,900001004,Individual 401(k) - x1004,7 of BE @ $29.11 (Order # 8787),--,$0.005,$203.765
 06/17/2026 10:04:39 AM,Bought,900001004,Individual 401(k) - x1004,25 of SPCX @ $19.381 (Order # 1586),--,$0,-$484.513
 06/16/2026 03:00:00 AM,Sweep,900001004,Individual 401(k) - x1004,BANK DEPOSIT PROGRAM,--,$0,"$1,116.224"
 06/15/2026 04:00:00 PM,Bought,900001004,Individual 401(k) - x1004,125 of IAUM @ $4.307 (Order # 4554),--,$0,-$538.375
 06/15/2026 10:02:01 AM,Sold,900001004,Individual 401(k) - x1004,50 of GDMN @ $8.822 (Order # 3076),--,$0.01,$441.089
 06/15/2026 10:00:43 AM,Bought,900001004,Individual 401(k) - x1004,175 of VGSH @ $5.823 (Order # 9762),--,$0,"-$1,018.938"
 06/15/2026 03:00:00 AM,Sweep,900001004,Individual 401(k) - x1004,BANK DEPOSIT PROGRAM,--,$0,"$2,859.908"
 06/12/2026 11:27:43 AM,Bought,900001004,Individual 401(k) - x1004,50 of GDMN @ $8.064 (Order # 9766),--,$0,-$403.2
 06/12/2026 11:27:43 AM,Bought,900001004,Individual 401(k) - x1004,100 of GDMN @ $8.057 (Order # 9766),--,$0,-$805.7
 06/12/2026 10:42:05 AM,Sold,900001004,Individual 401(k) - x1004,127 of SPMO @ $15.195 (Order # 4091),--,$0.04,"$1,929.723"
 06/12/2026 10:13:45 AM,Sold,900001004,Individual 401(k) - x1004,35 of GDMN @ $7.915 (Order # 5037),--,$0.006,$277.001
 06/12/2026 10:13:19 AM,Sold,900001004,Individual 401(k) - x1004,30 of GDMN @ $7.905 (Order # 5497),--,$0.005,$237.145
 06/12/2026 10:13:05 AM,Sold,900001004,Individual 401(k) - x1004,15 of GDMN @ $7.924 (Order # 2549),--,$0.003,$118.857
 06/12/2026 10:10:48 AM,Sold,900001004,Individual 401(k) - x1004,71 of SPMO @ $15.288 (Order # 7971),--,$0.023,"$1,085.425"
 06/12/2026 09:35:40 AM,Bought,900001004,Individual 401(k) - x1004,250 of GDMN @ $7.911 (Order # 8283),--,$0,"-$1,977.75"
 06/12/2026 09:30:04 AM,Bought,900001004,Individual 401(k) - x1004,221 of SPMO @ $15.029 (Order # 4288),--,$0,"-$3,321.409"
 06/12/2026 03:00:00 AM,Sweep,900001004,Individual 401(k) - x1004,BANK DEPOSIT PROGRAM,--,$0,-$364.248
 06/11/2026 04:00:03 PM,Bought,900001004,Individual 401(k) - x1004,35 of GM @ $8.085 (Order # 8028),--,$0,-$282.975
 06/11/2026 04:00:01 PM,Sold,900001004,Individual 401(k) - x1004,25 of COPJ @ $4.087 (Order # 3642),--,$0.003,$102.172
 06/11/2026 04:00:01 PM,Bought,900001004,Individual 401(k) - x1004,10 of MSFT @ $39.034 (Order # 9472),--,$0,-$390.34
 06/11/2026 04:00:00 PM,Sold,900001004,Individual 401(k) - x1004,45 of IAUM @ $4.192 (Order # 6091),--,$0.004,$188.635
 06/11/2026 04:00:00 PM,Sold,900001004,Individual 401(k) - x1004,75 of IAUM @ $4.192 (Order # 8626),--,$0.007,$314.392
 06/11/2026 04:00:00 PM,Sold,900001004,Individual 401(k) - x1004,40 of GDMN @ $7.845 (Order # 3948),--,$0.007,$313.792
 06/11/2026 04:00:00 PM,Sold,900001004,Individual 401(k) - x1004,140 of GDE @ $6.315 (Order # 1048),--,$0.019,$884.078
 06/11/2026 04:00:00 PM,Sold,900001004,Individual 401(k) - x1004,10 of EWY @ $19.894 (Order # 9095),--,$0.005,$198.935
 06/11/2026 04:00:00 PM,Sold,900001004,Individual 401(k) - x1004,150 of GRNJ @ $3.112 (Order # 9025),--,$0.01,$466.787
 06/11/2026 04:00:00 PM,Sold,900001004,Individual 401(k) - x1004,175 of GRNJ @ $3.112 (Order # 4773),--,$0.012,$544.585
 06/11/2026 04:00:00 PM,Sold,900001004,Individual 401(k) - x1004,15 of EWY @ $19.894 (Order # 8230),--,$0.007,$298.403
 06/11/2026 10:29:51 AM,Bought,900001004,Individual 401(k) - x1004,20 of BRK.B @ $48.218 (Order # 9238),--,$0,-$964.35
 06/11/2026 10:27:41 AM,Sold,900001004,Individual 401(k) - x1004,50 of EMEQ @ $6.438 (Order # 4877),--,$0.007,$321.892
 06/11/2026 10:09:38 AM,Sold,900001004,Individual 401(k) - x1004,15 of EAT @ $15.345 (Order # 3557),--,$0.005,$230.17
 06/11/2026 10:07:53 AM,Bought,900001004,Individual 401(k) - x1004,20 of EWY @ $18.815 (Order # 6935),--,$0,-$376.29
 06/11/2026 10:06:21 AM,Bought,900001004,Individual 401(k) - x1004,9 of AMZN @ $23.788 (Order # 9298),--,$0,-$214.088
 06/11/2026 10:05:33 AM,Sold,900001004,Individual 401(k) - x1004,50 of SHLD @ $6.377 (Order # 8535),--,$0.007,$318.817
 06/11/2026 10:04:34 AM,Bought,900001004,Individual 401(k) - x1004,800 of VGSH @ $5.811 (Order # 2097),--,$0,"-$4,648.76"
 06/11/2026 10:03:27 AM,Sold,900001004,Individual 401(k) - x1004,15 of SHLD @ $6.373 (Order # 3451),--,$0.002,$95.593
 06/11/2026 10:02:56 AM,Sold,900001004,Individual 401(k) - x1004,25 of SPMO @ $14.733 (Order # 6535),--,$0.008,$368.328
 06/11/2026 10:02:34 AM,Sold,900001004,Individual 401(k) - x1004,200 of GRNY @ $2.667 (Order # 6792),--,$0.011,$533.285
 06/11/2026 10:01:44 AM,Sold,900001004,Individual 401(k) - x1004,50 of GRNY @ $2.667 (Order # 2661),--,$0.003,$133.321
 06/11/2026 10:01:02 AM,Sold,900001004,Individual 401(k) - x1004,20 of AMZN @ $23.787 (Order # 5921),--,$0.01,$475.73
 06/11/2026 09:59:24 AM,Sold,900001004,Individual 401(k) - x1004,30 of SHLD @ $6.384 (Order # 6052),--,$0.004,$191.5
 06/11/2026 09:58:06 AM,Sold,900001004,Individual 401(k) - x1004,5 of LITE @ $87.751 (Order # 7089),--,$0.01,$438.745
 06/11/2026 09:57:48 AM,Sold,900001004,Individual 401(k) - x1004,23 of BE @ $24.366 (Order # 9945),--,$0.012,$560.406
 06/11/2026 09:56:56 AM,Sold,900001004,Individual 401(k) - x1004,5 of STRL @ $81.799 (Order # 1128),--,$0.009,$408.986
 06/11/2026 09:56:20 AM,Sold,900001004,Individual 401(k) - x1004,10 of CRDO @ $25.851 (Order # 2684),--,$0.006,$258.499
 06/11/2026 09:30:00 AM,Bought,900001004,Individual 401(k) - x1004,100 of IAUM @ $4.06 (Order # 5479),--,$0,-$406
 06/11/2026 03:00:00 AM,Sweep,900001004,Individual 401(k) - x1004,BANK DEPOSIT PROGRAM,--,$0,"-$6,857.877"
 06/10/2026 04:00:01 PM,Sold,900001004,Individual 401(k) - x1004,13 of LITE @ $85.326 (Order # 2145),--,$0.023,"$1,109.215"
 06/10/2026 04:00:01 PM,Sold,900001004,Individual 401(k) - x1004,40 of EMEQ @ $6.215 (Order # 2451),--,$0.006,$248.593
 06/10/2026 04:00:01 PM,Sold,900001004,Individual 401(k) - x1004,10 of AMZN @ $23.8 (Order # 5401),--,$0.005,$237.995
 06/10/2026 04:00:01 PM,Sold,900001004,Individual 401(k) - x1004,62 of CRDO @ $23.768 (Order # 3806),--,$0.031,"$1,473.584"
 06/10/2026 04:00:00 PM,Sold,900001004,Individual 401(k) - x1004,15 of EWY @ $17.845 (Order # 4491),--,$0.006,$267.669
 06/10/2026 04:00:00 PM,Sold,900001004,Individual 401(k) - x1004,240 of CGDV @ $4.727 (Order # 5441),--,$0.024,"$1,134.451"
 06/10/2026 04:00:00 PM,Sold,900001004,Individual 401(k) - x1004,400 of GRNJ @ $2.982 (Order # 9273),--,$0.025,"$1,192.767"
 06/10/2026 04:00:00 PM,Sold,900001004,Individual 401(k) - x1004,1 of SNDK @ $164.323 (Order # 6877),--,$0.004,$164.319
 06/10/2026 04:00:00 PM,Sold,900001004,Individual 401(k) - x1004,50 of SPMO @ $14.368 (Order # 4926),--,$0.015,$718.384
 06/10/2026 04:00:00 PM,Sold,900001004,Individual 401(k) - x1004,25 of IWM @ $28.205 (Order # 5785),--,$0.015,$705.11
 06/10/2026 04:00:00 PM,Sold,900001004,Individual 401(k) - x1004,10 of VOOV @ $21.703 (Order # 8016),--,$0.005,$217.025
 06/10/2026 04:00:00 PM,Sold,900001004,Individual 401(k) - x1004,20 of PLTR @ $13.021 (Order # 5812),--,$0.006,$260.414
 06/10/2026 10:10:10 AM,Bought,900001004,Individual 401(k) - x1004,150 of VGSH @ $5.811 (Order # 5366),--,$0,-$871.649
 06/05/2026 03:00:00 AM,Dividend,900001004,Individual 401(k) - x1004,0 of SCHP @ $0,--,$0,$6.093
 06/05/2026 03:00:00 AM,Sweep,900001004,Individual 401(k) - x1004,BANK DEPOSIT PROGRAM,--,$0,-$6.093
 06/04/2026 03:00:00 AM,Sweep,900001004,Individual 401(k) - x1004,BANK DEPOSIT PROGRAM,--,$0,-$840.31
 06/03/2026 04:00:03 PM,Bought,900001004,Individual 401(k) - x1004,5 of BE @ $28.732 (Order # 1166),--,$0,-$143.66
 06/03/2026 04:00:02 PM,Sold,900001004,Individual 401(k) - x1004,25 of EAT @ $14.026 (Order # 1823),--,$0.008,$350.642
 06/03/2026 04:00:00 PM,Bought,900001004,Individual 401(k) - x1004,35 of PLTR @ $14.22 (Order # 7912),--,$0,-$497.7
 06/03/2026 04:00:00 PM,Bought,900001004,Individual 401(k) - x1004,5 of LITE @ $93.8 (Order # 3179),--,$0,-$469
 06/03/2026 04:00:00 PM,Bought,900001004,Individual 401(k) - x1004,30 of VGSH @ $5.811 (Order # 9709),--,$0,-$174.33
 06/03/2026 04:00:00 PM,Bought,900001004,Individual 401(k) - x1004,12 of CRDO @ $21.46 (Order # 3798),--,$0,-$257.52
 06/03/2026 04:00:00 PM,Bought,900001004,Individual 401(k) - x1004,25 of CRDO @ $21.46 (Order # 2052),--,$0,-$536.5
 06/03/2026 04:00:00 PM,Sold,900001004,Individual 401(k) - x1004,5 of MU @ $107.957 (Order # 8705),--,$0.012,$539.773
 06/03/2026 12:26:13 PM,Bought,900001004,Individual 401(k) - x1004,4 of VOOV @ $21.972 (Order # 7902),--,$0,-$87.888
 06/03/2026 12:25:03 PM,Sold,900001004,Individual 401(k) - x1004,40 of IFRA @ $6.158 (Order # 2003),--,$0.006,$246.293
 06/03/2026 12:23:35 PM,Sold,900001004,Individual 401(k) - x1004,10 of EAT @ $13.923 (Order # 6640),--,$0.003,$139.227
 06/03/2026 12:22:39 PM,Sold,900001004,Individual 401(k) - x1004,25 of SPMO @ $15.507 (Order # 9441),--,$0.008,$387.655
 06/03/2026 12:22:03 PM,Sold,900001004,Individual 401(k) - x1004,3 of BRK.B @ $47.366 (Order # 4889),--,$0.003,$142.095
 06/03/2026 12:21:17 PM,Bought,900001004,Individual 401(k) - x1004,30 of VGSH @ $5.81 (Order # 3174),--,$0,-$174.285
 06/03/2026 12:18:51 PM,Sold,900001004,Individual 401(k) - x1004,2 of SNDK @ $179.658 (Order # 7574),--,$0.008,$359.308
 06/03/2026 12:17:53 PM,Bought,900001004,Individual 401(k) - x1004,25 of COPJ @ $4.54 (Order # 3237),--,$0,-$113.499
 06/03/2026 12:16:56 PM,Sold,900001004,Individual 401(k) - x1004,5 of MU @ $106.705 (Order # 4652),--,$0.011,$533.514
 06/03/2026 12:14:18 PM,Bought,900001004,Individual 401(k) - x1004,100 of IAUM @ $4.423 (Order # 4648),--,$0,-$442.25
 06/03/2026 12:13:59 PM,Bought,900001004,Individual 401(k) - x1004,25 of VT @ $15.817 (Order # 4672),--,$0,-$395.423
 06/03/2026 12:13:07 PM,Bought,900001004,Individual 401(k) - x1004,15 of VOOV @ $21.989 (Order # 7511),--,$0,-$329.835
 06/03/2026 12:11:07 PM,Sold,900001004,Individual 401(k) - x1004,20 of TTMI @ $18.693 (Order # 4474),--,$0.008,$373.842
 06/03/2026 12:10:49 PM,Sold,900001004,Individual 401(k) - x1004,10 of TTMI @ $18.683 (Order # 6069),--,$0.004,$186.827
 06/03/2026 12:10:30 PM,Sold,900001004,Individual 401(k) - x1004,2 of SNDK @ $179.247 (Order # 4092),--,$0.008,$358.486
 06/03/2026 12:10:12 PM,Sold,900001004,Individual 401(k) - x1004,1 of SNDK @ $179.103 (Order # 3871),--,$0.004,$179.099
 06/03/2026 12:09:50 PM,Sold,900001004,Individual 401(k) - x1004,5 of STRL @ $95.367 (Order # 8445),--,$0.01,$476.825
 06/03/2026 12:09:26 PM,Bought,900001004,Individual 401(k) - x1004,25 of MSFT @ $42.663 (Order # 5239),--,$0,"-$1,066.575"
 06/03/2026 12:08:55 PM,Bought,900001004,Individual 401(k) - x1004,25 of AMZN @ $25.011 (Order # 5614),--,$0,-$625.263
 06/03/2026 09:30:05 AM,Sold,900001004,Individual 401(k) - x1004,10 of TTMI @ $18.123 (Order # 5819),--,$0.004,$181.226
 06/03/2026 09:30:02 AM,Sold,900001004,Individual 401(k) - x1004,5 of LITE @ $103.999 (Order # 6108),--,$0.011,$519.984
 06/03/2026 09:30:00 AM,Sold,900001004,Individual 401(k) - x1004,4 of LITE @ $103.21 (Order # 9672),--,$0.009,$412.831
 06/03/2026 09:30:00 AM,Sold,900001004,Individual 401(k) - x1004,1 of STRL @ $88 (Order # 9912),--,$0.002,$87.998
 06/03/2026 09:30:00 AM,Sold,900001004,Individual 401(k) - x1004,5 of LITE @ $103.333 (Order # 2101),--,$0.011,$516.654
 06/03/2026 09:30:00 AM,Sold,900001004,Individual 401(k) - x1004,7 of CRDO @ $23.109 (Order # 3486),--,$0.004,$161.759
 06/01/2026 03:00:00 AM,Sweep,900001004,Individual 401(k) - x1004,BANK DEPOSIT PROGRAM,--,$0,-$35.89
 05/29/2026 03:43:06 PM,Bought,900001004,Individual 401(k) - x1004,5 of EWY @ $20.596 (Order # 7743),--,$0,-$102.98
 05/29/2026 03:42:10 PM,Bought,900001004,Individual 401(k) - x1004,15 of AMZN @ $27.108 (Order # 5809),--,$0,-$406.62
 05/29/2026 03:41:44 PM,Bought,900001004,Individual 401(k) - x1004,4 of LITE @ $84.156 (Order # 2378),--,$0,-$336.625
 05/29/2026 03:40:50 PM,Sold,900001004,Individual 401(k) - x1004,200 of GRNJ @ $3.194 (Order # 7156),--,$0.014,$638.736
 05/29/2026 03:40:18 PM,Sold,900001004,Individual 401(k) - x1004,15 of VT @ $15.821 (Order # 7801),--,$0.005,$237.31
 05/29/2026 03:39:31 PM,Bought,900001004,Individual 401(k) - x1004,50 of EMEQ @ $6.777 (Order # 5494),--,$0,-$338.85
 05/29/2026 03:39:03 PM,Bought,900001004,Individual 401(k) - x1004,3 of BRK.B @ $47.609 (Order # 8520),--,$0,-$142.826
 05/29/2026 03:38:41 PM,Bought,900001004,Individual 401(k) - x1004,7 of AMZN @ $27.125 (Order # 4694),--,$0,-$189.875
 05/29/2026 03:38:14 PM,Bought,900001004,Individual 401(k) - x1004,25 of GM @ $8.345 (Order # 7424),--,$0,-$208.613
 05/29/2026 03:37:49 PM,Sold,900001004,Individual 401(k) - x1004,15 of VTI @ $37.281 (Order # 8353),--,$0.012,$559.196
 05/29/2026 03:37:19 PM,Bought,900001004,Individual 401(k) - x1004,7 of BE @ $27.871 (Order # 4495),--,$0,-$195.094
 05/29/2026 03:36:59 PM,Bought,900001004,Individual 401(k) - x1004,10 of TTMI @ $17.58 (Order # 4669),--,$0,-$175.795
 05/29/2026 03:36:05 PM,Sold,900001004,Individual 401(k) - x1004,20 of CRDO @ $23.151 (Order # 4805),--,$0.01,$463.016
 05/29/2026 03:35:43 PM,Sold,900001004,Individual 401(k) - x1004,15 of PLTR @ $15.661 (Order # 1561),--,$0.005,$234.91
 05/29/2026 03:00:00 AM,Sweep,900001004,Individual 401(k) - x1004,BANK DEPOSIT PROGRAM,--,$0,-$0.007
 05/29/2026 03:00:00 AM,Interest Income,900001004,Individual 401(k) - x1004,MORGAN STANLEY BANK N.A. (Period 05/01-05/31),--,$0,$0.007
 05/28/2026 03:00:00 AM,Sweep,900001004,Individual 401(k) - x1004,BANK DEPOSIT PROGRAM,--,$0,"$1,339.625"
 05/27/2026 10:46:13 AM,Bought,900001004,Individual 401(k) - x1004,1 of STRL @ $77.939 (Order # 8734),--,$0,-$77.939
 05/27/2026 10:45:41 AM,Bought,900001004,Individual 401(k) - x1004,75 of IAUM @ $4.428 (Order # 3856),--,$0,-$332.063
 05/27/2026 10:44:45 AM,Bought,900001004,Individual 401(k) - x1004,25 of SPMO @ $14.88 (Order # 2564),--,$0,-$372
 05/27/2026 10:44:24 AM,Bought,900001004,Individual 401(k) - x1004,10 of EWY @ $19.703 (Order # 2373),--,$0,-$197.03
 05/27/2026 10:43:07 AM,Sold,900001004,Individual 401(k) - x1004,30 of INCY @ $9.816 (Order # 5959),--,$0.007,$294.457
 05/27/2026 10:42:27 AM,Bought,900001004,Individual 401(k) - x1004,10 of BE @ $29.198 (Order # 7879),--,$0,-$291.98
 05/27/2026 10:42:00 AM,Bought,900001004,Individual 401(k) - x1004,20 of TTMI @ $18.154 (Order # 4963),--,$0,-$363.07
 05/27/2026 03:00:00 AM,Sweep,900001004,Individual 401(k) - x1004,BANK DEPOSIT PROGRAM,--,$0,"-$1,335.32"
 05/26/2026 04:00:01 PM,Sold,900001004,Individual 401(k) - x1004,2 of MU @ $89.588 (Order # 5006),--,$0.004,$179.172
 05/26/2026 04:00:01 PM,Sold,900001004,Individual 401(k) - x1004,5 of MU @ $89.588 (Order # 1495),--,$0.01,$447.93
 05/26/2026 04:00:00 PM,Sold,900001004,Individual 401(k) - x1004,3 of SNDK @ $158.955 (Order # 3176),--,$0.01,$476.855
 05/26/2026 04:00:00 PM,Sold,900001004,Individual 401(k) - x1004,50 of COPJ @ $4.435 (Order # 4589),--,$0.005,$221.744
 05/26/2026 04:00:00 PM,Bought,900001004,Individual 401(k) - x1004,15 of PLTR @ $13.66 (Order # 4235),--,$0,-$204.9
 05/26/2026 03:13:50 PM,Bought,900001004,Individual 401(k) - x1004,4 of VOOV @ $21.991 (Order # 5301),--,$0,-$87.964
 05/26/2026 03:13:09 PM,Bought,900001004,Individual 401(k) - x1004,3 of LITE @ $90.548 (Order # 1199),--,$0,-$271.644
 05/26/2026 03:12:45 PM,Bought,900001004,Individual 401(k) - x1004,15 of AMZN @ $26.317 (Order # 6627),--,$0,-$394.755
 05/26/2026 03:12:03 PM,Sold,900001004,Individual 401(k) - x1004,15 of GM @ $7.953 (Order # 6468),--,$0.003,$119.285
 05/26/2026 03:11:22 PM,Sold,900001004,Individual 401(k) - x1004,200 of GRNJ @ $3.129 (Order # 9413),--,$0.013,$625.787
 05/26/2026 03:08:04 PM,Bought,900001004,Individual 401(k) - x1004,7 of BE @ $30.24 (Order # 7338),--,$0,-$211.68
 05/26/2026 03:07:14 PM,Sold,900001004,Individual 401(k) - x1004,7 of EWY @ $20.015 (Order # 5591),--,$0.003,$140.102
 05/26/2026 03:03:17 PM,Sold,900001004,Individual 401(k) - x1004,15 of TTMI @ $19.693 (Order # 6262),--,$0.007,$295.388
 05/26/2026 03:00:00 AM,Sweep,900001004,Individual 401(k) - x1004,BANK DEPOSIT PROGRAM,--,$0,$873.956
 05/22/2026 04:00:00 PM,Bought,900001004,Individual 401(k) - x1004,7 of EWY @ $18.203 (Order # 5858),--,$0,-$127.421
 05/22/2026 03:29:28 PM,Bought,900001004,Individual 401(k) - x1004,2 of BE @ $30.339 (Order # 9541),--,$0,-$60.678
 05/22/2026 03:28:54 PM,Bought,900001004,Individual 401(k) - x1004,35 of GDE @ $6.792 (Order # 6211),--,$0,-$237.72
 05/22/2026 03:25:37 PM,Bought,900001004,Individual 401(k) - x1004,3 of SNDK @ $149.379 (Order # 5243),--,$0,-$448.137
 05/22/2026 03:00:00 AM,Sweep,900001004,Individual 401(k) - x1004,BANK DEPOSIT PROGRAM,--,$0,-$869.931
 05/21/2026 09:44:45 AM,Sold,900001004,Individual 401(k) - x1004,50 of TTMI @ $17.399 (Order # 9256),--,$0.018,$869.931
 05/21/2026 03:00:00 AM,Sweep,900001004,Individual 401(k) - x1004,BANK DEPOSIT PROGRAM,--,$0,$7.608
 05/20/2026 10:28:11 AM,Bought,900001004,Individual 401(k) - x1004,2 of SNDK @ $138.234 (Order # 8802),--,$0,-$276.468
 05/20/2026 10:27:21 AM,Sold,900001004,Individual 401(k) - x1004,15 of CRDO @ $17.924 (Order # 4260),--,$0.006,$268.86
 05/18/2026 03:00:00 AM,Sweep,900001004,Individual 401(k) - x1004,BANK DEPOSIT PROGRAM,--,$0,-$90.643
 05/15/2026 10:51:22 AM,Bought,900001004,Individual 401(k) - x1004,50 of GRNJ @ $3.042 (Order # 9797),--,$0,-$152.1
 05/15/2026 10:50:56 AM,Bought,900001004,Individual 401(k) - x1004,50 of GRNY @ $2.683 (Order # 7241),--,$0,-$134.144
 05/15/2026 10:50:26 AM,Bought,900001004,Individual 401(k) - x1004,15 of EWY @ $17.891 (Order # 8004),--,$0,-$268.358
 05/15/2026 10:49:07 AM,Bought,900001004,Individual 401(k) - x1004,7 of BE @ $28.022 (Order # 1346),--,$0,-$196.154
 05/15/2026 10:48:22 AM,Bought,900001004,Individual 401(k) - x1004,90 of EMEQ @ $6.227 (Order # 6092),--,$0,-$560.43
 05/15/2026 10:47:43 AM,Sold,900001004,Individual 401(k) - x1004,13 of VOOV @ $21.642 (Order # 8907),--,$0.006,$281.34
 05/15/2026 10:46:52 AM,Sold,900001004,Individual 401(k) - x1004,100 of VTIP @ $5.037 (Order # 8155),--,$0.011,$503.637
 05/15/2026 10:46:33 AM,Sold,900001004,Individual 401(k) - x1004,2 of SNDK @ $138.337 (Order # 7589),--,$0.006,$276.667
 05/15/2026 10:45:53 AM,Sold,900001004,Individual 401(k) - x1004,7 of BRK.B @ $48.599 (Order # 7409),--,$0.008,$340.185
 05/13/2026 03:00:00 AM,Sweep,900001004,Individual 401(k) - x1004,BANK DEPOSIT PROGRAM,--,$0,"$2,213.942"
 05/12/2026 04:00:03 PM,Bought,900001004,Individual 401(k) - x1004,2 of BE @ $28.069 (Order # 7314),--,$0,-$56.138
 05/12/2026 04:00:01 PM,Bought,900001004,Individual 401(k) - x1004,20 of CRDO @ $19.857 (Order # 2410),--,$0,-$397.14
 05/12/2026 04:00:01 PM,Bought,900001004,Individual 401(k) - x1004,5 of LITE @ $99.237 (Order # 5526),--,$0,-$496.185
 05/12/2026 04:00:00 PM,Bought,900001004,Individual 401(k) - x1004,1 of SNDK @ $145.202 (Order # 2223),--,$0,-$145.202
 05/12/2026 04:00:00 PM,Bought,900001004,Individual 401(k) - x1004,25 of SPMO @ $14.445 (Order # 6578),--,$0,-$361.125
 05/12/2026 04:00:00 PM,Bought,900001004,Individual 401(k) - x1004,7 of IWM @ $28.257 (Order # 2007),--,$0,-$197.799
 05/12/2026 04:00:00 PM,Bought,900001004,Individual 401(k) - x1004,100 of GRNJ @ $3.064 (Order # 8701),--,$0,-$306.4
 05/12/2026 04:00:00 PM,Bought,900001004,Individual 401(k) - x1004,7 of VTI @ $36.279 (Order # 5418),--,$0,-$253.953
 05/12/2026 03:00:00 AM,Sweep,900001004,Individual 401(k) - x1004,BANK DEPOSIT PROGRAM,--,$0,"-$2,087.158"
 05/11/2026 09:33:06 AM,Sold,900001004,Individual 401(k) - x1004,3 of LITE @ $99.876 (Order # 5717),--,$0.007,$299.621
 05/11/2026 09:32:25 AM,Sold,900001004,Individual 401(k) - x1004,3 of SNDK @ $159.999 (Order # 7808),--,$0.01,$479.987
 05/11/2026 09:30:28 AM,Sold,900001004,Individual 401(k) - x1004,10 of INCY @ $9.999 (Order # 7451),--,$0.003,$99.987
 05/11/2026 09:30:08 AM,Sold,900001004,Individual 401(k) - x1004,20 of BRK.B @ $47.777 (Order # 2931),--,$0.02,$955.52
 05/11/2026 09:30:01 AM,Sold,900001004,Individual 401(k) - x1004,50 of VTIP @ $5.041 (Order # 2362),--,$0.006,$252.043
 05/11/2026 03:00:00 AM,Sweep,900001004,Individual 401(k) - x1004,BANK DEPOSIT PROGRAM,--,$0,$950.439
 05/08/2026 02:33:05 PM,Bought,900001004,Individual 401(k) - x1004,5 of LITE @ $89.43 (Order # 3457),--,$0,-$447.149
 05/08/2026 02:32:00 PM,Bought,900001004,Individual 401(k) - x1004,30 of SHLD @ $6.528 (Order # 8731),--,$0,-$195.84
 05/08/2026 02:31:38 PM,Bought,900001004,Individual 401(k) - x1004,50 of IFRA @ $6.149 (Order # 9938),--,$0,-$307.45
 05/08/2026 03:00:00 AM,Sweep,900001004,Individual 401(k) - x1004,BANK DEPOSIT PROGRAM,--,$0,-$994.785
 05/07/2026 10:28:32 AM,Sold,900001004,Individual 401(k) - x1004,20 of CRDO @ $19.999 (Order # 1807),--,$0.009,$399.971
 05/07/2026 09:30:00 AM,Sold,900001004,Individual 401(k) - x1004,50 of GDE @ $6.998 (Order # 3386),--,$0.008,$349.891
 05/07/2026 09:30:00 AM,Sold,900001004,Individual 401(k) - x1004,35 of GDE @ $6.998 (Order # 7282),--,$0.006,$244.923
 05/07/2026 03:00:00 AM,Dividend,900001004,Individual 401(k) - x1004,0 of SCHP @ $0,--,$0,$2.874
 05/07/2026 03:00:00 AM,Sweep,900001004,Individual 401(k) - x1004,BANK DEPOSIT PROGRAM,--,$0,-$2.874
 05/06/2026 03:00:00 AM,Sweep,900001004,Individual 401(k) - x1004,BANK DEPOSIT PROGRAM,--,$0,$543.96
 05/05/2026 12:01:43 PM,Bought,900001004,Individual 401(k) - x1004,40 of PLTR @ $13.599 (Order # 8987),--,$0,-$543.96
 05/01/2026 03:00:00 AM,Sweep,900001004,Individual 401(k) - x1004,BANK DEPOSIT PROGRAM,--,$0,$8.219
 04/30/2026 03:06:41 PM,Sold,900001004,Individual 401(k) - x1004,15 of VTI @ $35.432 (Order # 2216),--,$0.011,$531.469
 04/30/2026 10:59:04 AM,Bought,900001004,Individual 401(k) - x1004,3 of BE @ $27.612 (Order # 3457),--,$0,-$82.835
 04/30/2026 10:58:36 AM,Bought,900001004,Individual 401(k) - x1004,7 of BRK.B @ $47.569 (Order # 7522),--,$0,-$332.98
 04/30/2026 10:57:37 AM,Bought,900001004,Individual 401(k) - x1004,20 of CRDO @ $17.211 (Order # 7870),--,$0,-$344.22
 04/30/2026 10:57:16 AM,Bought,900001004,Individual 401(k) - x1004,7 of MU @ $51.121 (Order # 4393),--,$0,-$357.847
 04/30/2026 10:56:57 AM,Bought,900001004,Individual 401(k) - x1004,15 of AMZN @ $25.97 (Order # 6145),--,$0,-$389.55
 04/30/2026 10:15:55 AM,Sold,900001004,Individual 401(k) - x1004,54 of IFRA @ $6.199 (Order # 1104),--,$0.007,$334.738
 04/30/2026 09:30:01 AM,Sold,900001004,Individual 401(k) - x1004,20 of TTMI @ $18 (Order # 1776),--,$0.008,$359.992
 04/30/2026 09:30:01 AM,Sold,900001004,Individual 401(k) - x1004,10 of AMZN @ $27.302 (Order # 7152),--,$0.006,$273.014
 04/30/2026 03:00:00 AM,Sweep,900001004,Individual 401(k) - x1004,BANK DEPOSIT PROGRAM,--,$0,-$0.016
 04/30/2026 03:00:00 AM,Interest Income,900001004,Individual 401(k) - x1004,MORGAN STANLEY BANK N.A. (Period 04/01-04/30),--,$0,$0.016
 04/30/2026 03:00:00 AM,Sweep,900001004,Individual 401(k) - x1004,BANK DEPOSIT PROGRAM,--,$0,-$526.964
 04/29/2026 02:46:08 PM,Sold,900001004,Individual 401(k) - x1004,15 of EAT @ $14.999 (Order # 7184),--,$0.005,$224.98
 04/29/2026 09:32:39 AM,Sold,900001004,Individual 401(k) - x1004,30 of INCY @ $9.999 (Order # 5488),--,$0.007,$299.962
 04/29/2026 03:00:00 AM,MISC,900001004,Individual 401(k) - x1004,TIM S A ADR AGENT CUSTODY FEE $0.0009/SH,--,$0,-$0.144
 04/29/2026 03:00:00 AM,Dividend,900001004,Individual 401(k) - x1004,0 of TIMB @ $0,--,$0,$0
 04/29/2026 03:00:00 AM,Qualified Dividend,900001004,Individual 401(k) - x1004,TIM S A ADR REC 04/29/26 PAY 04/29/26 RATE 0.00000000 QTY 0.00000000,--,$0,$2.166
 04/28/2026 03:00:00 AM,Sweep,900001004,Individual 401(k) - x1004,BANK DEPOSIT PROGRAM,--,$0,$137.962
 04/27/2026 12:46:00 PM,Bought,900001004,Individual 401(k) - x1004,7 of CRDO @ $17.774 (Order # 7666),--,$0,-$124.418
 04/27/2026 12:44:10 PM,Bought,900001004,Individual 401(k) - x1004,40 of VTIP @ $5.037 (Order # 8747),--,$0,-$201.479
 04/27/2026 12:43:17 PM,Sold,900001004,Individual 401(k) - x1004,35 of INCY @ $9.63 (Order # 3894),--,$0.007,$337.03
 04/27/2026 12:42:25 PM,Bought,900001004,Individual 401(k) - x1004,3 of AMZN @ $26.284 (Order # 3103),--,$0,-$78.852
 04/27/2026 12:35:52 PM,Bought,900001004,Individual 401(k) - x1004,15 of GDMN @ $10.158 (Order # 8658),--,$0,-$152.365
 04/27/2026 12:35:24 PM,Bought,900001004,Individual 401(k) - x1004,3 of LITE @ $84.427 (Order # 7168),--,$0,-$253.281
 04/27/2026 12:34:42 PM,Bought,900001004,Individual 401(k) - x1004,15 of CRDO @ $17.736 (Order # 6844),--,$0,-$266.033
 04/27/2026 09:35:13 AM,Sold,900001004,Individual 401(k) - x1004,10 of STRL @ $50.555 (Order # 9291),--,$0.011,$505.539
 04/27/2026 09:30:01 AM,Sold,900001004,Individual 401(k) - x1004,5 of MU @ $51.176 (Order # 8975),--,$0.006,$255.874
 04/27/2026 09:30:00 AM,Sold,900001004,Individual 401(k) - x1004,1 of IFRA @ $6.128 (Order # 8761),--,$0.001,$6.127
 04/27/2026 09:30:00 AM,Bought,900001004,Individual 401(k) - x1004,6 of IWM @ $27.684 (Order # 7735),--,$0,-$166.104
 04/21/2026 03:00:00 AM,Sweep,900001004,Individual 401(k) - x1004,BANK DEPOSIT PROGRAM,--,$0,-$128.646
 04/20/2026 03:37:28 PM,Bought,900001004,Individual 401(k) - x1004,25 of SHLD @ $7.288 (Order # 6841),--,$0,-$182.2
 04/20/2026 03:36:19 PM,Bought,900001004,Individual 401(k) - x1004,30 of GDMN @ $11.066 (Order # 5836),--,$0,-$331.98
 04/20/2026 03:35:33 PM,Sold,900001004,Individual 401(k) - x1004,40 of CRDO @ $17.108 (Order # 2108),--,$0.015,$684.304
 04/20/2026 03:34:53 PM,Bought,900001004,Individual 401(k) - x1004,65 of VTIP @ $5.018 (Order # 7381),--,$0,-$326.138
 04/20/2026 03:33:58 PM,Sold,900001004,Individual 401(k) - x1004,20 of TTMI @ $12.57 (Order # 4513),--,$0.006,$251.389
 04/20/2026 03:33:23 PM,Bought,900001004,Individual 401(k) - x1004,25 of IWM @ $27.732 (Order # 9615),--,$0,-$693.288
 04/20/2026 03:31:14 PM,Bought,900001004,Individual 401(k) - x1004,100 of ETH @ $2.21 (Order # 8197),--,$0,-$220.95
 04/20/2026 03:29:46 PM,Bought,900001004,Individual 401(k) - x1004,10 of MU @ $44.786 (Order # 1991),--,$0,-$447.855
 04/20/2026 03:28:49 PM,Sold,900001004,Individual 401(k) - x1004,7 of LITE @ $89.678 (Order # 6286),--,$0.013,$627.733
 04/20/2026 03:28:25 PM,Sold,900001004,Individual 401(k) - x1004,20 of CRDO @ $17.061 (Order # 5704),--,$0.008,$341.202
 04/20/2026 03:27:39 PM,Sold,900001004,Individual 401(k) - x1004,25 of CRDO @ $17.058 (Order # 1634),--,$0.009,$426.429
 04/17/2026 03:00:00 AM,Sweep,900001004,Individual 401(k) - x1004,BANK DEPOSIT PROGRAM,--,$0,"$1,062.831"
 04/16/2026 01:48:43 PM,Bought,900001004,Individual 401(k) - x1004,15 of CRDO @ $15.881 (Order # 5186),--,$0,-$238.208
 04/16/2026 01:47:56 PM,Bought,900001004,Individual 401(k) - x1004,50 of SHLD @ $7.364 (Order # 8272),--,$0,-$368.196
 04/16/2026 01:47:02 PM,Sold,900001004,Individual 401(k) - x1004,35 of IFRA @ $5.889 (Order # 6886),--,$0.005,$206.109
 04/16/2026 01:45:58 PM,Bought,900001004,Individual 401(k) - x1004,15 of EAT @ $15.207 (Order # 3710),--,$0,-$228.105
 04/16/2026 01:45:30 PM,Sold,900001004,Individual 401(k) - x1004,125 of IVLU @ $4.168 (Order # 6876),--,$0.011,$520.925
 04/16/2026 01:44:24 PM,Bought,900001004,Individual 401(k) - x1004,300 of SCHP @ $2.677 (Order # 5379),--,$0,-$803.097
 04/16/2026 01:43:42 PM,Sold,900001004,Individual 401(k) - x1004,100 of GDE @ $6.819 (Order # 1486),--,$0.015,$681.884
 04/16/2026 01:42:58 PM,Bought,900001004,Individual 401(k) - x1004,20 of CRDO @ $15.798 (Order # 8719),--,$0,-$315.96
 04/16/2026 01:42:12 PM,Bought,900001004,Individual 401(k) - x1004,150 of VTIP @ $5.014 (Order # 4348),--,$0,-$752.099
 04/16/2026 01:40:41 PM,Sold,900001004,Individual 401(k) - x1004,40 of VGSH @ $5.848 (Order # 1219),--,$0.005,$233.916
 04/16/2026 03:00:00 AM,Sweep,900001004,Individual 401(k) - x1004,BANK DEPOSIT PROGRAM,--,$0,-$999.122
 04/15/2026 11:12:23 AM,Sold,900001004,Individual 401(k) - x1004,5 of VTI @ $34.399 (Order # 3227),--,$0.004,$171.991
 04/15/2026 09:32:06 AM,Sold,900001004,Individual 401(k) - x1004,50 of CRDO @ $16.543 (Order # 6922),--,$0.018,$827.131
 04/15/2026 03:00:00 AM,Qualified Dividend,900001004,Individual 401(k) - x1004,MICRON TECH INC REC 04/15/26 PAY 04/15/26 RATE 0.00000000 QTY 0.00000000,--,$0,$0.15
 04/15/2026 03:00:00 AM,Sweep,900001004,Individual 401(k) - x1004,BANK DEPOSIT PROGRAM,--,$0,"$3,394.418"
 04/14/2026 01:41:24 PM,Bought,900001004,Individual 401(k) - x1004,15 of GDE @ $6.842 (Order # 8252),--,$0,-$102.629
 04/14/2026 01:41:04 PM,Bought,900001004,Individual 401(k) - x1004,40 of SHLD @ $7.429 (Order # 6753),--,$0,-$297.151
 04/14/2026 01:34:33 PM,Bought,900001004,Individual 401(k) - x1004,5 of SNDK @ $94.09 (Order # 8945),--,$0,-$470.452
 04/14/2026 01:34:10 PM,Sold,900001004,Individual 401(k) - x1004,30 of ETH @ $2.213 (Order # 6617),--,$0.002,$66.372
 04/14/2026 01:33:48 PM,Sold,900001004,Individual 401(k) - x1004,80 of ETH @ $2.215 (Order # 9894),--,$0.004,$177.154
 04/14/2026 01:31:56 PM,Sold,900001004,Individual 401(k) - x1004,75 of VGSH @ $5.849 (Order # 2604),--,$0.01,$438.665
 04/14/2026 01:31:37 PM,Sold,900001004,Individual 401(k) - x1004,50 of VGSH @ $5.849 (Order # 2722),--,$0.007,$292.442
 04/14/2026 01:31:10 PM,Bought,900001004,Individual 401(k) - x1004,25 of COPJ @ $4.376 (Order # 8774),--,$0,-$109.4
 04/14/2026 01:30:42 PM,Bought,900001004,Individual 401(k) - x1004,3 of SNDK @ $93.747 (Order # 5553),--,$0,-$281.241
 04/14/2026 01:30:04 PM,Bought,900001004,Individual 401(k) - x1004,75 of IVLU @ $4.204 (Order # 6356),--,$0,-$315.263
 04/14/2026 01:28:03 PM,Sold,900001004,Individual 401(k) - x1004,100 of ETH @ $2.221 (Order # 7181),--,$0.005,$222.043
 04/14/2026 01:26:00 PM,Bought,900001004,Individual 401(k) - x1004,100 of SPMO @ $12.622 (Order # 9264),--,$0,"-$1,262.196"
 04/14/2026 01:25:02 PM,Bought,900001004,Individual 401(k) - x1004,7 of LITE @ $86.764 (Order # 4101),--,$0,-$607.345
 04/14/2026 01:24:41 PM,Bought,900001004,Individual 401(k) - x1004,20 of BRK.B @ $47.683 (Order # 4744),--,$0,-$953.66
 04/14/2026 01:24:18 PM,Bought,900001004,Individual 401(k) - x1004,75 of TTMI @ $12.174 (Order # 8000),--,$0,-$913.068
 04/14/2026 10:17:13 AM,Sold,900001004,Individual 401(k) - x1004,100 of IVLU @ $4.199 (Order # 9934),--,$0.009,$419.889
 04/14/2026 09:30:01 AM,Sold,900001004,Individual 401(k) - x1004,70 of COPJ @ $4.304 (Order # 1180),--,$0.007,$301.272
 04/13/2026 03:00:00 AM,Sweep,900001004,Individual 401(k) - x1004,BANK DEPOSIT PROGRAM,--,$0,$516.831
 04/10/2026 09:36:45 AM,Sold,900001004,Individual 401(k) - x1004,75 of TIMB @ $2.789 (Order # 2022),--,$0.005,$209.169
 04/10/2026 09:33:09 AM,Bought,900001004,Individual 401(k) - x1004,15 of BRK.B @ $48.4 (Order # 7860),--,$0,-$726
 04/10/2026 03:00:00 AM,Sweep,900001004,Individual 401(k) - x1004,BANK DEPOSIT PROGRAM,--,$0,"$1,122.212"
 04/09/2026 03:22:03 PM,Bought,900001004,Individual 401(k) - x1004,10 of LITE @ $88.61 (Order # 1993),--,$0,-$886.095
 04/09/2026 03:20:14 PM,Bought,900001004,Individual 401(k) - x1004,75 of IAUM @ $4.757 (Order # 2481),--,$0,-$356.738
 04/09/2026 03:19:35 PM,Bought,900001004,Individual 401(k) - x1004,50 of SHLD @ $7.437 (Order # 3197),--,$0,-$371.846
 04/09/2026 03:18:50 PM,Sold,900001004,Individual 401(k) - x1004,50 of VGSH @ $5.843 (Order # 2849),--,$0.007,$292.15
 04/09/2026 03:18:10 PM,Sold,900001004,Individual 401(k) - x1004,50 of IBIT @ $4.081 (Order # 3422),--,$0.005,$204.019
 04/09/2026 03:17:46 PM,Sold,900001004,Individual 401(k) - x1004,50 of IBIT @ $4.081 (Order # 3564),--,$0.005,$204.045
 04/09/2026 03:16:54 PM,Bought,900001004,Individual 401(k) - x1004,75 of CRDO @ $10.796 (Order # 4051),--,$0,-$809.673
 04/09/2026 10:18:18 AM,Sold,900001004,Individual 401(k) - x1004,5 of BRK.B @ $48.4 (Order # 2444),--,$0.005,$241.995
 04/09/2026 09:57:06 AM,Sold,900001004,Individual 401(k) - x1004,60 of IFRA @ $5.999 (Order # 3150),--,$0.008,$359.931
 04/09/2026 03:00:00 AM,Sweep,900001004,Individual 401(k) - x1004,BANK DEPOSIT PROGRAM,--,$0,"-$2,072.128"
 04/08/2026 12:55:15 PM,Sold,900001004,Individual 401(k) - x1004,300 of TMUSI @ $2.234 (Order # 2412),--,$0.014,$670.18
 04/08/2026 09:35:47 AM,Sold,900001004,Individual 401(k) - x1004,5 of BRK.B @ $48.181 (Order # 9708),--,$0.005,$240.9
 04/08/2026 09:30:00 AM,Sold,900001004,Individual 401(k) - x1004,172 of IBIT @ $4.109 (Order # 1589),--,$0.015,$706.73
 04/08/2026 09:30:00 AM,Sold,900001004,Individual 401(k) - x1004,75 of FLLA @ $2.966 (Order # 8920),--,$0.005,$222.444
 04/08/2026 09:30:00 AM,Sold,900001004,Individual 401(k) - x1004,40 of OPPJ @ $5.797 (Order # 9667),--,$0.005,$231.874
 04/08/2026 03:00:00 AM,Sweep,900001004,Individual 401(k) - x1004,BANK DEPOSIT PROGRAM,--,$0,-$961.505
 04/07/2026 03:49:26 PM,Sold,900001004,Individual 401(k) - x1004,200 of TMUSI @ $2.199 (Order # 2136),--,$0.01,$439.786
 04/07/2026 03:45:53 PM,Sold,900001004,Individual 401(k) - x1004,150 of TMUSI @ $2.188 (Order # 8687),--,$0.007,$328.19
 04/07/2026 03:38:08 PM,Sold,900001004,Individual 401(k) - x1004,140 of TMUSI @ $2.16 (Order # 6478),--,$0.007,$302.39
 04/07/2026 03:38:08 PM,Sold,900001004,Individual 401(k) - x1004,50 of TMUSI @ $2.159 (Order # 3497),--,$0.003,$107.946
 04/07/2026 03:35:25 PM,Sold,900001004,Individual 401(k) - x1004,150 of TMUSI @ $2.155 (Order # 1235),--,$0.007,$323.24
 04/07/2026 02:22:14 PM,Sold,900001004,Individual 401(k) - x1004,100 of TMUSI @ $2.155 (Order # 4646),--,$0.005,$215.493
 04/07/2026 09:30:31 AM,Bought,900001004,Individual 401(k) - x1004,20 of STRL @ $37.777 (Order # 1185),--,$0,-$755.54
 04/07/2026 03:00:00 AM,Sweep,900001004,Individual 401(k) - x1004,BANK DEPOSIT PROGRAM,--,$0,$382.613
 04/06/2026 01:20:32 PM,Sold,900001004,Individual 401(k) - x1004,50 of TMUSI @ $2.149 (Order # 7962),--,$0.003,$107.446
 04/06/2026 12:45:53 PM,Bought,900001004,Individual 401(k) - x1004,50 of VGSH @ $5.835 (Order # 2720),--,$0,-$291.725
 04/06/2026 12:44:06 PM,Sold,900001004,Individual 401(k) - x1004,5 of MU @ $38.157 (Order # 4869),--,$0.004,$190.781
 04/06/2026 12:38:08 PM,Bought,900001004,Individual 401(k) - x1004,20 of TTMI @ $9.608 (Order # 5440),--,$0,-$192.16
 04/06/2026 12:37:32 PM,Bought,900001004,Individual 401(k) - x1004,50 of COPJ @ $3.939 (Order # 4459),--,$0,-$196.955
 04/06/2026 03:00:00 AM,Dividend,900001004,Individual 401(k) - x1004,0 of VGSH @ $0,--,$0,$3.432
 04/06/2026 03:00:00 AM,Sweep,900001004,Individual 401(k) - x1004,BANK DEPOSIT PROGRAM,--,$0,$212.168
 04/02/2026 09:30:00 AM,Bought,900001004,Individual 401(k) - x1004,35 of GDE @ $6.16 (Order # 3649),--,$0,-$215.6
 04/02/2026 03:00:00 AM,Sweep,900001004,Individual 401(k) - x1004,BANK DEPOSIT PROGRAM,--,$0,-$648.847
 04/01/2026 01:47:41 PM,Sold,900001004,Individual 401(k) - x1004,85 of TIMB @ $2.685 (Order # 1180),--,$0,$228.247
 04/01/2026 01:47:11 PM,Sold,900001004,Individual 401(k) - x1004,150 of ETH @ $2.026 (Order # 6977),--,$0,$303.92
 04/01/2026 01:45:15 PM,Sold,900001004,Individual 401(k) - x1004,20 of VGSH @ $5.834 (Order # 3633),--,$0,$116.68
 04/01/2026 03:00:00 AM,Dividend,900001004,Individual 401(k) - x1004,0 of CGDV @ $0,--,$0,$2.647
 04/01/2026 03:00:00 AM,Sweep,900001004,Individual 401(k) - x1004,BANK DEPOSIT PROGRAM,--,$0,"-$1,752.593"
 03/31/2026 01:41:44 PM,Sold,900001004,Individual 401(k) - x1004,5 of BRK.B @ $47.736 (Order # 9208),--,$0,$238.678
 03/31/2026 01:40:43 PM,Sold,900001004,Individual 401(k) - x1004,100 of VGSH @ $5.855 (Order # 2700),--,$0,$585.448
 03/31/2026 01:40:34 PM,Sold,900001004,Individual 401(k) - x1004,15 of BRK.B @ $47.74 (Order # 6577),--,$0,$716.1
 03/31/2026 01:39:33 PM,Bought,900001004,Individual 401(k) - x1004,400 of GRNJ @ $2.478 (Order # 6528),--,$0,-$991.02
 03/31/2026 01:37:55 PM,Sold,900001004,Individual 401(k) - x1004,125 of UNFI @ $4.429 (Order # 5790),--,$0,$553.608
 03/31/2026 01:37:22 PM,Sold,900001004,Individual 401(k) - x1004,120 of MLPA @ $5.366 (Order # 4593),--,$0,$643.858
 03/31/2026 03:00:00 AM,Dividend,900001004,Individual 401(k) - x1004,0 of VTI @ $0,--,$0,$3.494
 03/31/2026 03:00:00 AM,Sweep,900001004,Individual 401(k) - x1004,BANK DEPOSIT PROGRAM,--,$0,-$0.01
 03/31/2026 03:00:00 AM,Interest Income,900001004,Individual 401(k) - x1004,MORGAN STANLEY BANK N.A. (Period 03/01-03/31),--,$0,$0.01
 03/31/2026 03:00:00 AM,Sweep,900001004,Individual 401(k) - x1004,BANK DEPOSIT PROGRAM,--,$0,-$0.22
 03/30/2026 03:00:00 AM,Dividend,900001004,Individual 401(k) - x1004,0 of OPPJ @ $0,--,$0,$0.22
 03/30/2026 03:00:00 AM,Sweep,900001004,Individual 401(k) - x1004,BANK DEPOSIT PROGRAM,--,$0,-$556.918
 03/27/2026 10:58:25 AM,Sold,900001004,Individual 401(k) - x1004,100 of MLPA @ $5.567 (Order # 9251),--,$0,$556.698
 03/27/2026 03:00:00 AM,Sweep,900001004,Individual 401(k) - x1004,BANK DEPOSIT PROGRAM,--,$0,"$1,339.175"
 03/26/2026 12:37:56 PM,Bought,900001004,Individual 401(k) - x1004,35 of GDMN @ $8.765 (Order # 2426),--,$0,-$306.775
 03/26/2026 09:30:00 AM,Bought,900001004,Individual 401(k) - x1004,400 of GRNJ @ $2.581 (Order # 6236),--,$0,"-$1,032.4"
 03/26/2026 03:00:00 AM,Dividend,900001004,Individual 401(k) - x1004,0 of VOOV @ $0,--,$0,$2.143
 03/26/2026 03:00:00 AM,Sweep,900001004,Individual 401(k) - x1004,BANK DEPOSIT PROGRAM,--,$0,"-$1,394.768"
 03/25/2026 03:10:33 PM,Bought,900001004,Individual 401(k) - x1004,10 of MU @ $37.857 (Order # 9627),--,$0,-$378.57
 03/25/2026 03:02:52 PM,Bought,900001004,Individual 401(k) - x1004,20 of VGSH @ $5.843 (Order # 1356),--,$0,-$116.857
 03/25/2026 02:58:17 PM,Sold,900001004,Individual 401(k) - x1004,25 of COPJ @ $3.749 (Order # 2174),--,$0,$93.713
 03/25/2026 02:56:11 PM,Sold,900001004,Individual 401(k) - x1004,20 of VTI @ $32.477 (Order # 7104),--,$0,$649.54
 03/25/2026 02:55:58 PM,Sold,900001004,Individual 401(k) - x1004,25 of VTI @ $32.46 (Order # 4989),--,$0,$811.5
 03/25/2026 02:03:02 PM,Sold,900001004,Individual 401(k) - x1004,75 of UNFI @ $4.444 (Order # 7900),--,$0,$333.299
 03/24/2026 03:00:00 AM,Dividend,900001004,Individual 401(k) - x1004,0 of VT @ $0,--,$0,$0.818
 03/24/2026 03:00:00 AM,Sweep,900001004,Individual 401(k) - x1004,BANK DEPOSIT PROGRAM,--,$0,-$0.818
 03/20/2026 03:00:00 AM,Dividend,900001004,Individual 401(k) - x1004,0 of IFRA @ $0,--,$0,$5.224
 03/20/2026 03:00:00 AM,Sweep,900001004,Individual 401(k) - x1004,BANK DEPOSIT PROGRAM,--,$0,-$5.224
 03/19/2026 03:00:00 AM,Qualified Dividend,900001004,Individual 401(k) - x1004,GENERAL MTRS CO REC 03/19/26 PAY 03/19/26 RATE 0.00000000 QTY 0.00000000,--,$0,$1.62
 03/19/2026 03:00:00 AM,Sweep,900001004,Individual 401(k) - x1004,BANK DEPOSIT PROGRAM,--,$0,$360.705
 03/18/2026 03:00:22 PM,Bought,900001004,Individual 401(k) - x1004,75 of IAUM @ $4.831 (Order # 2964),--,$0,-$362.325
 03/17/2026 03:00:00 AM,Sweep,900001004,Individual 401(k) - x1004,BANK DEPOSIT PROGRAM,--,$0,"$1,229.05"
 03/16/2026 09:30:00 AM,Bought,900001004,Individual 401(k) - x1004,50 of IAUM @ $5.005 (Order # 9958),--,$0,-$250.25
 03/16/2026 09:30:00 AM,Bought,900001004,Individual 401(k) - x1004,400 of GRNY @ $2.447 (Order # 5535),--,$0,-$978.8
 03/13/2026 03:00:00 AM,Sweep,900001004,Individual 401(k) - x1004,BANK DEPOSIT PROGRAM,--,$0,$292.75
 03/12/2026 11:02:14 AM,Bought,900001004,Individual 401(k) - x1004,50 of VGSH @ $5.855 (Order # 9987),--,$0,-$292.75
 03/10/2026 03:00:00 AM,Sweep,900001004,Individual 401(k) - x1004,BANK DEPOSIT PROGRAM,--,$0,$112.45
 03/09/2026 12:15:48 PM,Bought,900001004,Individual 401(k) - x1004,50 of TMUSI @ $2.249 (Order # 4890),--,$0,-$112.45
 03/09/2026 03:00:00 AM,Sweep,900001004,Individual 401(k) - x1004,BANK DEPOSIT PROGRAM,--,$0,$204.54
 03/06/2026 09:30:29 AM,Bought,900001004,Individual 401(k) - x1004,35 of IFRA @ $5.844 (Order # 5723),--,$0,-$204.54
 03/04/2026 03:00:00 AM,Dividend,900001004,Individual 401(k) - x1004,0 of VGSH @ $0,--,$0,$3.646
 03/04/2026 03:00:00 AM,Sweep,900001004,Individual 401(k) - x1004,BANK DEPOSIT PROGRAM,--,$0,$848.523
 03/03/2026 09:35:42 AM,Bought,900001004,Individual 401(k) - x1004,75 of GDE @ $6.999 (Order # 1666),--,$0,-$524.925
 03/03/2026 09:30:02 AM,Bought,900001004,Individual 401(k) - x1004,54 of IFRA @ $5.95 (Order # 2763),--,$0,-$321.3
 03/03/2026 09:30:00 AM,Bought,900001004,Individual 401(k) - x1004,1 of IFRA @ $5.944 (Order # 2763),--,$0,-$5.944
 03/03/2026 03:00:00 AM,Sweep,900001004,Individual 401(k) - x1004,BANK DEPOSIT PROGRAM,--,$0,-$819.477
 03/02/2026 10:12:47 AM,Sold,900001004,Individual 401(k) - x1004,70 of SHLD @ $7.777 (Order # 7760),--,$0,$544.389
 03/02/2026 10:11:58 AM,Sold,900001004,Individual 401(k) - x1004,7 of SHLD @ $7.777 (Order # 4438),--,$0,$54.439
 03/02/2026 09:30:00 AM,Sold,900001004,Individual 401(k) - x1004,30 of GDE @ $7.355 (Order # 9122),--,$0,$220.649
 03/02/2026 03:00:00 AM,Sweep,900001004,Individual 401(k) - x1004,BANK DEPOSIT PROGRAM,--,$0,$634.981
 03/02/2026 03:00:00 AM,Interest Income,900001004,Individual 401(k) - x1004,EAID:100042256250 T MOBILE USA INC 5500 *70JN01 Rate:0.3438 USD PD:20260302,--,$0,$37.469
 02/27/2026 01:25:18 PM,Bought,900001004,Individual 401(k) - x1004,150 of GRNJ @ $2.678 (Order # 4976),--,$0,-$401.7
 02/27/2026 12:31:36 PM,Bought,900001004,Individual 401(k) - x1004,150 of ETH @ $1.805 (Order # 1383),--,$0,-$270.75
 02/27/2026 03:00:00 AM,Interest Income,900001004,Individual 401(k) - x1004,MORGAN STANLEY BANK N.A. (Period 02/01-02/28),--,$0,$0.017
 02/27/2026 03:00:00 AM,Sweep,900001004,Individual 401(k) - x1004,BANK DEPOSIT PROGRAM,--,$0,-$0.017
 02/26/2026 03:00:00 AM,Sweep,900001004,Individual 401(k) - x1004,BANK DEPOSIT PROGRAM,--,$0,$183.104
 02/25/2026 01:03:05 PM,Bought,900001004,Individual 401(k) - x1004,75 of TIMB @ $2.741 (Order # 4940),--,$0,-$205.538
 02/25/2026 12:45:33 PM,Bought,900001004,Individual 401(k) - x1004,15 of SHLD @ $7.41 (Order # 1969),--,$0,-$111.15
 02/25/2026 12:44:16 PM,Bought,900001004,Individual 401(k) - x1004,75 of MLPA @ $5.278 (Order # 2120),--,$0,-$395.861
 02/25/2026 12:41:19 PM,Bought,900001004,Individual 401(k) - x1004,20 of CRDO @ $12.134 (Order # 5631),--,$0,-$242.68
 02/25/2026 12:36:52 PM,Sold,900001004,Individual 401(k) - x1004,15 of TTMI @ $11.285 (Order # 7681),--,$0,$169.273
 02/25/2026 12:36:13 PM,Sold,900001004,Individual 401(k) - x1004,120 of ETH @ $1.955 (Order # 8401),--,$0,$234.653
 02/25/2026 09:30:00 AM,Sold,900001004,Individual 401(k) - x1004,50 of NUKZ @ $7.364 (Order # 3978),--,$0,$368.199
 02/24/2026 03:00:00 AM,Sweep,900001004,Individual 401(k) - x1004,BANK DEPOSIT PROGRAM,--,$0,$213.24
 02/23/2026 12:14:20 PM,Bought,900001004,Individual 401(k) - x1004,120 of ETH @ $1.777 (Order # 5760),--,$0,-$213.24
 02/23/2026 03:00:00 AM,Sweep,900001004,Individual 401(k) - x1004,BANK DEPOSIT PROGRAM,--,$0,-$516.874
 02/20/2026 10:00:17 AM,Sold,900001004,Individual 401(k) - x1004,50 of NUKZ @ $7.234 (Order # 3760),--,$0,$361.699
 02/20/2026 09:42:36 AM,Sold,900001004,Individual 401(k) - x1004,15 of TTMI @ $10.345 (Order # 6118),--,$0,$155.175
 02/19/2026 03:00:00 AM,Dividend,900001004,Individual 401(k) - x1004,0 of ET @ $0,--,$0,$16.75
 02/19/2026 03:00:00 AM,Sweep,900001004,Individual 401(k) - x1004,BANK DEPOSIT PROGRAM,--,$0,-$577.406
 02/18/2026 09:40:01 AM,Bought,900001004,Individual 401(k) - x1004,115 of CGDV @ $4.55 (Order # 6703),--,$0,-$523.247
 02/18/2026 09:39:22 AM,Sold,900001004,Individual 401(k) - x1004,30 of VGSH @ $5.885 (Order # 3299),--,$0,$176.549
 02/18/2026 09:39:00 AM,Sold,900001004,Individual 401(k) - x1004,18 of VGSH @ $5.885 (Order # 7227),--,$0,$105.933
 02/18/2026 09:38:43 AM,Sold,900001004,Individual 401(k) - x1004,35 of VGSH @ $5.885 (Order # 5759),--,$0,$205.974
 02/18/2026 09:34:35 AM,Bought,900001004,Individual 401(k) - x1004,40 of IFRA @ $6.008 (Order # 7657),--,$0,-$240.32
 02/18/2026 09:33:31 AM,Bought,900001004,Individual 401(k) - x1004,25 of CGDV @ $4.549 (Order # 5938),--,$0,-$113.723
 02/18/2026 09:31:07 AM,Sold,900001004,Individual 401(k) - x1004,500 of ET @ $1.899 (Order # 8746),--,$0,$949.49
 02/17/2026 03:00:00 AM,Sweep,900001004,Individual 401(k) - x1004,BANK DEPOSIT PROGRAM,--,$0,-$77.308
 02/13/2026 02:59:26 PM,Sold,900001004,Individual 401(k) - x1004,10 of VGSH @ $5.889 (Order # 9231),--,$0,$58.89
 02/13/2026 12:47:35 PM,Bought,900001004,Individual 401(k) - x1004,40 of OPPJ @ $5.751 (Order # 3334),--,$0,-$230.02
 02/13/2026 12:47:03 PM,Bought,900001004,Individual 401(k) - x1004,75 of FLLA @ $2.864 (Order # 4560),--,$0,-$214.766
 02/13/2026 12:45:10 PM,Bought,900001004,Individual 401(k) - x1004,50 of IVLU @ $4.248 (Order # 9978),--,$0,-$212.39
 02/13/2026 12:44:42 PM,Bought,900001004,Individual 401(k) - x1004,85 of TIMB @ $2.616 (Order # 4286),--,$0,-$222.402
 02/13/2026 12:43:39 PM,Sold,900001004,Individual 401(k) - x1004,50 of GDE @ $7.009 (Order # 7392),--,$0,$350.456
 02/13/2026 12:40:12 PM,Sold,900001004,Individual 401(k) - x1004,40 of VGSH @ $5.889 (Order # 5689),--,$0,$235.559
 02/13/2026 12:40:02 PM,Bought,900001004,Individual 401(k) - x1004,100 of CGDV @ $4.567 (Order # 5064),--,$0,-$456.65
 02/13/2026 09:44:32 AM,Sold,900001004,Individual 401(k) - x1004,30 of IBIT @ $3.813 (Order # 5299),--,$0,$114.374
 02/13/2026 09:44:09 AM,Sold,900001004,Individual 401(k) - x1004,19 of IBIT @ $3.805 (Order # 8721),--,$0,$72.303
 02/13/2026 09:43:51 AM,Sold,900001004,Individual 401(k) - x1004,75 of ETH @ $1.87 (Order # 4077),--,$0,$140.28
 02/13/2026 09:30:00 AM,Sold,900001004,Individual 401(k) - x1004,75 of VGSH @ $5.889 (Order # 2646),--,$0,$441.674
 02/12/2026 03:00:00 AM,Qualified Dividend,900001004,Individual 401(k) - x1004,GLOBAL X MLP ETF,--,$0,$10
 02/12/2026 03:00:00 AM,Sweep,900001004,Individual 401(k) - x1004,BANK DEPOSIT PROGRAM,--,$0,-$10
 02/10/2026 03:00:00 AM,Sweep,900001004,Individual 401(k) - x1004,BANK DEPOSIT PROGRAM,--,$0,-$412.087
 02/09/2026 11:13:10 AM,Bought,900001004,Individual 401(k) - x1004,140 of TMUSI @ $2.268 (Order # 1159),--,$0,-$317.52
 02/09/2026 10:29:49 AM,Bought,900001004,Individual 401(k) - x1004,25 of MLPA @ $5.102 (Order # 3096),--,$0,-$127.554
 02/09/2026 10:28:19 AM,Sold,900001004,Individual 401(k) - x1004,15 of VTI @ $34.149 (Order # 1439),--,$0,$512.242
 02/09/2026 10:27:50 AM,Bought,900001004,Individual 401(k) - x1004,100 of IVLU @ $4.216 (Order # 1860),--,$0,-$421.6
 02/09/2026 10:26:59 AM,Sold,900001004,Individual 401(k) - x1004,50 of GDE @ $7.079 (Order # 1522),--,$0,$353.949
 02/09/2026 10:25:34 AM,Bought,900001004,Individual 401(k) - x1004,23 of VOOV @ $21.369 (Order # 8310),--,$0,-$491.478
 02/09/2026 10:24:50 AM,Sold,900001004,Individual 401(k) - x1004,5 of VOO @ $63.673 (Order # 3078),--,$0,$318.365
 02/09/2026 10:23:13 AM,Sold,900001004,Individual 401(k) - x1004,15 of CRDO @ $12.013 (Order # 7758),--,$0,$180.195
 02/09/2026 10:21:33 AM,Bought,900001004,Individual 401(k) - x1004,30 of IBIT @ $3.929 (Order # 4530),--,$0,-$117.855
 02/09/2026 10:21:06 AM,Bought,900001004,Individual 401(k) - x1004,10 of AMZN @ $20.693 (Order # 9817),--,$0,-$206.925
 02/09/2026 10:19:52 AM,Bought,900001004,Individual 401(k) - x1004,20 of MLPA @ $5.102 (Order # 1980),--,$0,-$102.04
 02/09/2026 10:19:30 AM,Bought,900001004,Individual 401(k) - x1004,15 of GM @ $8.153 (Order # 9521),--,$0,-$122.293
 02/09/2026 10:04:58 AM,Sold,900001004,Individual 401(k) - x1004,70 of VT @ $14.699 (Order # 9724),--,$0,"$1,028.929"
 02/09/2026 09:30:01 AM,Bought,900001004,Individual 401(k) - x1004,19 of IBIT @ $3.912 (Order # 4454),--,$0,-$74.328
 02/09/2026 03:00:00 AM,Sweep,900001004,Individual 401(k) - x1004,BANK DEPOSIT PROGRAM,--,$0,$477.32
 02/06/2026 10:38:23 AM,Bought,900001004,Individual 401(k) - x1004,50 of IAUM @ $4.926 (Order # 9001),--,$0,-$246.285
 02/06/2026 10:37:37 AM,Bought,900001004,Individual 401(k) - x1004,75 of GM @ $8.326 (Order # 2778),--,$0,-$624.418
 02/06/2026 10:30:27 AM,Sold,900001004,Individual 401(k) - x1004,40 of INCY @ $10.654 (Order # 5534),--,$0,$426.159
 02/06/2026 10:29:39 AM,Bought,900001004,Individual 401(k) - x1004,10 of AMZN @ $20.481 (Order # 5631),--,$0,-$204.814
 02/06/2026 09:41:18 AM,Sold,900001004,Individual 401(k) - x1004,25 of SLV @ $6.882 (Order # 1713),--,$0,$172.038
 02/06/2026 03:00:00 AM,Sweep,900001004,Individual 401(k) - x1004,BANK DEPOSIT PROGRAM,--,$0,-$383.339
 02/05/2026 09:30:00 AM,Bought,900001004,Individual 401(k) - x1004,30 of TTMI @ $8.705 (Order # 6925),--,$0,-$261.15
 02/05/2026 09:30:00 AM,Sold,900001004,Individual 401(k) - x1004,30 of ALL @ $21.483 (Order # 4641),--,$0,$644.489
 02/05/2026 03:00:00 AM,Sweep,900001004,Individual 401(k) - x1004,BANK DEPOSIT PROGRAM,--,$0,-$272.155
 02/04/2026 10:36:36 AM,Bought,900001004,Individual 401(k) - x1004,7 of SHLD @ $7.345 (Order # 9002),--,$0,-$51.415
 02/04/2026 09:54:50 AM,Sold,900001004,Individual 401(k) - x1004,30 of EAT @ $16.567 (Order # 7130),--,$0,$497.009
 02/04/2026 09:53:40 AM,Sold,900001004,Individual 401(k) - x1004,15 of BRK.B @ $49.999 (Order # 7918),--,$0,$749.985
 02/04/2026 09:42:56 AM,Bought,900001004,Individual 401(k) - x1004,10 of VGSH @ $5.863 (Order # 8484),--,$0,-$58.63
 02/04/2026 09:40:16 AM,Sold,900001004,Individual 401(k) - x1004,3 of EAT @ $16.398 (Order # 1188),--,$0,$49.194
 02/04/2026 09:38:23 AM,Bought,900001004,Individual 401(k) - x1004,75 of ETH @ $2.092 (Order # 6835),--,$0,-$156.863
 02/04/2026 09:38:17 AM,Bought,900001004,Individual 401(k) - x1004,40 of GDE @ $7.022 (Order # 9286),--,$0,-$280.88
 02/04/2026 09:36:40 AM,Bought,900001004,Individual 401(k) - x1004,175 of GRNJ @ $2.721 (Order # 7663),--,$0,-$476.245
 02/04/2026 03:00:00 AM,Dividend,900001004,Individual 401(k) - x1004,0 of VGSH @ $0,--,$0,$6.915
 02/04/2026 03:00:00 AM,Sweep,900001004,Individual 401(k) - x1004,BANK DEPOSIT PROGRAM,--,$0,-$6.915
 02/03/2026 03:00:00 AM,Sweep,900001004,Individual 401(k) - x1004,BANK DEPOSIT PROGRAM,--,$0,-$399.976
 02/02/2026 11:15:56 AM,Sold,900001004,Individual 401(k) - x1004,250 of CCL @ $3.201 (Order # 9756),--,$0,$800.245
 02/02/2026 10:00:32 AM,Sold,900001004,Individual 401(k) - x1004,5 of ALL @ $20.102 (Order # 5850),--,$0,$100.512
 02/02/2026 10:00:03 AM,Bought,900001004,Individual 401(k) - x1004,30 of GDE @ $6.678 (Order # 5307),--,$0,-$200.34
 02/02/2026 09:49:33 AM,Bought,900001004,Individual 401(k) - x1004,40 of VGSH @ $5.867 (Order # 9922),--,$0,-$234.66
 02/02/2026 09:39:41 AM,Bought,900001004,Individual 401(k) - x1004,25 of COPJ @ $4.661 (Order # 3740),--,$0,-$116.525
 02/02/2026 09:37:51 AM,Bought,900001004,Individual 401(k) - x1004,50 of IBIT @ $4.459 (Order # 1034),--,$0,-$222.931
 02/02/2026 09:35:13 AM,Sold,900001004,Individual 401(k) - x1004,15 of SLV @ $7.456 (Order # 6261),--,$0,$111.84
 02/02/2026 09:31:58 AM,Sold,900001004,Individual 401(k) - x1004,15 of GDMN @ $10.789 (Order # 9652),--,$0,$161.835
 01/30/2026 03:00:00 AM,Interest Income,900001004,Individual 401(k) - x1004,MORGAN STANLEY BANK N.A. (Period 01/01-01/31),--,$0,$0.033
 01/30/2026 03:00:00 AM,Sweep,900001004,Individual 401(k) - x1004,BANK DEPOSIT PROGRAM,--,$0,-$0.033
 01/29/2026 03:00:00 AM,Sweep,900001004,Individual 401(k) - x1004,BANK DEPOSIT PROGRAM,--,$0,$900.23
 01/28/2026 02:37:13 PM,Sold,900001004,Individual 401(k) - x1004,40 of TTMI @ $9.998 (Order # 9290),--,$0,$399.919
 01/28/2026 12:43:03 PM,Bought,900001004,Individual 401(k) - x1004,200 of TMUSI @ $2.3 (Order # 6767),--,$0,-$460
 01/28/2026 12:33:49 PM,Bought,900001004,Individual 401(k) - x1004,60 of IFRA @ $5.636 (Order # 1580),--,$0,-$338.13
 01/28/2026 12:29:43 PM,Bought,900001004,Individual 401(k) - x1004,25 of COPJ @ $5.085 (Order # 3747),--,$0,-$127.113
 01/28/2026 12:27:22 PM,Bought,900001004,Individual 401(k) - x1004,100 of MLPA @ $5.151 (Order # 5698),--,$0,-$515.097
 01/28/2026 12:25:15 PM,Bought,900001004,Individual 401(k) - x1004,75 of GDE @ $7.488 (Order # 6195),--,$0,-$561.598
 01/28/2026 09:32:42 AM,Sold,900001004,Individual 401(k) - x1004,45 of TTMI @ $9.999 (Order # 2147),--,$0,$449.954
 01/28/2026 09:32:32 AM,Sold,900001004,Individual 401(k) - x1004,15 of EAT @ $16.789 (Order # 7987),--,$0,$251.835
 01/28/2026 03:00:00 AM,Sweep,900001004,Individual 401(k) - x1004,BANK DEPOSIT PROGRAM,--,$0,-$130.88
 01/27/2026 04:00:00 PM,Bought,900001004,Individual 401(k) - x1004,45 of IAUM @ $5.162 (Order # 9505),--,$0,-$232.29
 01/27/2026 03:27:36 PM,Sold,900001004,Individual 401(k) - x1004,50 of UNFI @ $3.899 (Order # 6227),--,$0,$194.949
 01/27/2026 03:13:18 PM,Sold,900001004,Individual 401(k) - x1004,40 of WLDN @ $13.499 (Order # 7331),--,$0,$539.959
 01/27/2026 02:35:42 PM,Sold,900001004,Individual 401(k) - x1004,50 of SHLD @ $7.777 (Order # 6359),--,$0,$388.849
 01/27/2026 12:30:03 PM,Bought,900001004,Individual 401(k) - x1004,5 of ALL @ $19.342 (Order # 5905),--,$0,-$96.711
 01/27/2026 12:28:12 PM,Bought,900001004,Individual 401(k) - x1004,50 of GDE @ $7.229 (Order # 5267),--,$0,-$361.427
 01/27/2026 12:27:47 PM,Bought,900001004,Individual 401(k) - x1004,15 of SLV @ $9.74 (Order # 8792),--,$0,-$146.095
 01/27/2026 12:20:30 PM,Bought,900001004,Individual 401(k) - x1004,15 of GDMN @ $12.865 (Order # 9670),--,$0,-$192.969
 01/27/2026 12:19:37 PM,Bought,900001004,Individual 401(k) - x1004,25 of COPJ @ $4.975 (Order # 8376),--,$0,-$124.375
 01/27/2026 09:35:21 AM,Sold,900001004,Individual 401(k) - x1004,5 of CLS @ $32.198 (Order # 7047),--,$0,$160.99
 01/27/2026 03:00:00 AM,Sweep,900001004,Individual 401(k) - x1004,BANK DEPOSIT PROGRAM,--,$0,"-$1,100.593"
 01/26/2026 01:29:27 PM,Sold,900001004,Individual 401(k) - x1004,6 of VOO @ $63.811 (Order # 5419),--,$0,$382.866
 01/26/2026 10:32:11 AM,Bought,900001004,Individual 401(k) - x1004,5 of VTI @ $34.202 (Order # 1233),--,$0,-$171.01
 01/26/2026 10:17:26 AM,Bought,900001004,Individual 401(k) - x1004,100 of ETH @ $2.784 (Order # 4881),--,$0,-$278.356
 01/26/2026 10:13:29 AM,Sold,900001004,Individual 401(k) - x1004,40 of GDMN @ $13.456 (Order # 6862),--,$0,$538.239
 01/26/2026 10:04:37 AM,Bought,900001004,Individual 401(k) - x1004,40 of VGSH @ $5.876 (Order # 8419),--,$0,-$235.04
 01/26/2026 09:53:45 AM,Bought,900001004,Individual 401(k) - x1004,10 of AMZN @ $23.874 (Order # 1340),--,$0,-$238.735
 01/26/2026 09:53:08 AM,Bought,900001004,Individual 401(k) - x1004,75 of VGSH @ $5.876 (Order # 8497),--,$0,-$440.663
 01/26/2026 09:41:34 AM,Sold,900001004,Individual 401(k) - x1004,20 of NUKZ @ $7.129 (Order # 6634),--,$0,$142.57
 01/26/2026 09:40:52 AM,Bought,900001004,Individual 401(k) - x1004,40 of IBIT @ $5.003 (Order # 5381),--,$0,-$200.1
 01/26/2026 09:39:07 AM,Bought,900001004,Individual 401(k) - x1004,25 of VT @ $14.585 (Order # 6668),--,$0,-$364.622
 01/26/2026 09:35:50 AM,Sold,900001004,Individual 401(k) - x1004,100 of UNFI @ $3.603 (Order # 6733),--,$0,$360.298
 01/26/2026 09:35:50 AM,Sold,900001004,Individual 401(k) - x1004,100 of UNFI @ $3.604 (Order # 6733),--,$0,$360.398
 01/26/2026 09:34:06 AM,Sold,900001004,Individual 401(k) - x1004,125 of SLV @ $9.958 (Order # 4897),--,$0,"$1,244.748"
 01/26/2026 03:00:00 AM,Sweep,900001004,Individual 401(k) - x1004,BANK DEPOSIT PROGRAM,--,$0,-$216.128
 01/23/2026 02:18:32 PM,Bought,900001004,Individual 401(k) - x1004,50 of TMUSI @ $2.284 (Order # 9597),--,$0,-$114.2
 01/23/2026 02:15:44 PM,Bought,900001004,Individual 401(k) - x1004,30 of VGSH @ $5.875 (Order # 3981),--,$0,-$176.244
 01/23/2026 02:15:09 PM,Bought,900001004,Individual 401(k) - x1004,20 of TTMI @ $9.484 (Order # 1687),--,$0,-$189.67
 01/23/2026 02:14:36 PM,Sold,900001004,Individual 401(k) - x1004,45 of NUKZ @ $7.111 (Order # 6630),--,$0,$319.994
 01/23/2026 02:12:34 PM,Bought,900001004,Individual 401(k) - x1004,30 of INCY @ $10.203 (Order # 2874),--,$0,-$306.075
 01/23/2026 02:11:58 PM,Bought,900001004,Individual 401(k) - x1004,100 of TMUSI @ $2.285 (Order # 6484),--,$0,-$228.45
 01/23/2026 02:09:51 PM,Sold,900001004,Individual 401(k) - x1004,50 of SLV @ $9.194 (Order # 1267),--,$0,$459.674
 01/23/2026 09:30:00 AM,Sold,900001004,Individual 401(k) - x1004,50 of SLV @ $9.022 (Order # 3568),--,$0,$451.099
 01/23/2026 03:00:00 AM,Sweep,900001004,Individual 401(k) - x1004,BANK DEPOSIT PROGRAM,--,$0,$285.565
 01/22/2026 11:02:36 AM,Bought,900001004,Individual 401(k) - x1004,35 of VGSH @ $5.871 (Order # 9705),--,$0,-$205.485
 01/22/2026 10:53:42 AM,Bought,900001004,Individual 401(k) - x1004,150 of TMUSI @ $2.287 (Order # 7698),--,$0,-$343.05
 01/22/2026 10:43:09 AM,Sold,900001004,Individual 401(k) - x1004,20 of WLDN @ $13.149 (Order # 6318),--,$0,$262.97
 01/22/2026 03:00:00 AM,Sweep,900001004,Individual 401(k) - x1004,BANK DEPOSIT PROGRAM,--,$0,"$1,578.188"
 01/21/2026 10:54:51 AM,Bought,900001004,Individual 401(k) - x1004,18 of VGSH @ $5.872 (Order # 8589),--,$0,-$105.696
 01/21/2026 10:47:34 AM,Bought,900001004,Individual 401(k) - x1004,70 of COPJ @ $4.637 (Order # 4136),--,$0,-$324.59
 01/21/2026 10:46:30 AM,Bought,900001004,Individual 401(k) - x1004,150 of TMUSI @ $2.281 (Order # 8425),--,$0,-$342.162
 01/21/2026 10:46:09 AM,Bought,900001004,Individual 401(k) - x1004,80 of ETH @ $2.825 (Order # 3977),--,$0,-$225.96
 01/21/2026 10:44:38 AM,Bought,900001004,Individual 401(k) - x1004,40 of CRDO @ $14.494 (Order # 4660),--,$0,-$579.78
 01/21/2026 03:00:00 AM,Sweep,900001004,Individual 401(k) - x1004,BANK DEPOSIT PROGRAM,--,$0,"$3,462.074"
 01/20/2026 09:30:02 AM,Bought,900001004,Individual 401(k) - x1004,25 of AMZN @ $23.374 (Order # 2155),--,$0,-$584.35
 01/20/2026 09:30:01 AM,Bought,900001004,Individual 401(k) - x1004,300 of TMUSI @ $2.288 (Order # 6189),--,$0,-$686.4
 01/20/2026 09:30:00 AM,Sold,900001004,Individual 401(k) - x1004,200 of SLV @ $8.618 (Order # 4283),--,$0,"$1,723.596"
 01/20/2026 09:30:00 AM,Bought,900001004,Individual 401(k) - x1004,70 of VT @ $14.316 (Order # 3534),--,$0,"-$1,002.12"
 01/20/2026 09:30:00 AM,Bought,900001004,Individual 401(k) - x1004,20 of VTI @ $33.706 (Order # 8343),--,$0,-$674.12
 01/20/2026 09:30:00 AM,Bought,900001004,Individual 401(k) - x1004,40 of GDMN @ $11.682 (Order # 2343),--,$0,-$467.28
 01/20/2026 09:30:00 AM,Bought,900001004,Individual 401(k) - x1004,75 of GDE @ $6.638 (Order # 8425),--,$0,-$497.85
 01/20/2026 09:30:00 AM,Bought,900001004,Individual 401(k) - x1004,25 of VTI @ $33.706 (Order # 9330),--,$0,-$842.65
 01/20/2026 09:30:00 AM,Bought,900001004,Individual 401(k) - x1004,50 of SLV @ $8.618 (Order # 8909),--,$0,-$430.9
 01/12/2026 03:00:00 AM,Sweep,900001004,Individual 401(k) - x1004,BANK DEPOSIT PROGRAM,--,$0,-$170.425
 01/09/2026 09:30:00 AM,Sold,900001004,Individual 401(k) - x1004,25 of GRBK @ $6.817 (Order # 7317),--,$0,$170.425
 01/08/2026 03:00:00 AM,Sweep,900001004,Individual 401(k) - x1004,BANK DEPOSIT PROGRAM,--,$0,-$575.758
 01/07/2026 09:30:00 AM,Sold,900001004,Individual 401(k) - x1004,80 of SHLD @ $7.197 (Order # 6187),--,$0,$575.758
 01/07/2026 03:00:00 AM,Dividend,900001004,Individual 401(k) - x1004,0 of SHLD @ $0,--,$0,$7.405
 01/07/2026 03:00:00 AM,Dividend,900001004,Individual 401(k) - x1004,0 of SHLD @ $0,--,$0,$0.427
 01/07/2026 03:00:00 AM,Sweep,900001004,Individual 401(k) - x1004,BANK DEPOSIT PROGRAM,--,$0,-$239.672
 01/06/2026 10:14:06 AM,Sold,900001004,Individual 401(k) - x1004,15 of EAT @ $15.456 (Order # 2330),--,$0,$231.84
 01/06/2026 03:00:00 AM,Sweep,900001004,Individual 401(k) - x1004,BANK DEPOSIT PROGRAM,--,$0,-$706.467
 01/05/2026 03:01:19 PM,Sold,900001004,Individual 401(k) - x1004,130 of SHLD @ $6.987 (Order # 2255),--,$0,$908.307
 01/05/2026 01:07:11 PM,Bought,900001004,Individual 401(k) - x1004,15 of CRDO @ $13.456 (Order # 4982),--,$0,-$201.84
 01/02/2026 03:00:00 AM,Qualified Dividend,900001004,Individual 401(k) - x1004,ALLSTATE CORP REC 01/02/26 PAY 01/02/26 RATE 0.00000000 QTY 0.00000000,--,$0,$3
 01/02/2026 03:00:00 AM,Sweep,900001004,Individual 401(k) - x1004,BANK DEPOSIT PROGRAM,--,$0,-$8.78
 12/31/2025 03:00:00 AM,Dividend,900001004,Individual 401(k) - x1004,0 of NUKZ @ $0,--,$0,$9.537
 12/31/2025 03:00:00 AM,Interest Income,900001004,Individual 401(k) - x1004,MORGAN STANLEY BANK N.A. (Period 12/01-12/31),--,$0,$0.031
 12/31/2025 03:00:00 AM,Sweep,900001004,Individual 401(k) - x1004,BANK DEPOSIT PROGRAM,--,$0,-$0.031
 12/31/2025 03:00:00 AM,Sweep,900001004,Individual 401(k) - x1004,BANK DEPOSIT PROGRAM,--,$0,-$3.757
 12/30/2025 03:00:00 AM,Dividend,900001004,Individual 401(k) - x1004,0 of GDE @ $0,--,$0,$2.845
 12/30/2025 03:00:00 AM,Dividend,900001004,Individual 401(k) - x1004,0 of GDMN @ $0,--,$0,$0.912
 12/30/2025 03:00:00 AM,Sweep,900001004,Individual 401(k) - x1004,BANK DEPOSIT PROGRAM,--,$0,-$3.757
 12/24/2025 03:00:00 AM,Dividend,900001004,Individual 401(k) - x1004,0 of VOO @ $0,--,$0,$1.948
 12/24/2025 03:00:00 AM,Dividend,900001004,Individual 401(k) - x1004,0 of VTI @ $0,--,$0,$4.279
 12/24/2025 03:00:00 AM,Sweep,900001004,Individual 401(k) - x1004,BANK DEPOSIT PROGRAM,--,$0,-$6.227
 12/23/2025 03:00:00 AM,Sweep,900001004,Individual 401(k) - x1004,BANK DEPOSIT PROGRAM,--,$0,-$403.772
 12/22/2025 09:51:25 AM,Bought,900001004,Individual 401(k) - x1004,40 of INCY @ $9.999 (Order # 3886),--,$0,-$399.96
 12/22/2025 09:46:43 AM,Sold,900001004,Individual 401(k) - x1004,300 of GDE @ $6.345 (Order # 8811),--,$0,"$1,903.495"
 12/22/2025 09:30:02 AM,Bought,900001004,Individual 401(k) - x1004,45 of INCY @ $10.126 (Order # 9819),--,$0,-$455.67
 12/22/2025 09:30:01 AM,Bought,900001004,Individual 401(k) - x1004,40 of TTMI @ $7.238 (Order # 3635),--,$0,-$289.52
 12/22/2025 09:30:01 AM,Bought,900001004,Individual 401(k) - x1004,50 of IBIT @ $5.101 (Order # 2314),--,$0,-$255.05
 12/22/2025 09:30:00 AM,Bought,900001004,Individual 401(k) - x1004,250 of UNFI @ $3.35 (Order # 7945),--,$0,-$837.5
 12/22/2025 09:30:00 AM,Bought,900001004,Individual 401(k) - x1004,20 of AMZN @ $22.85 (Order # 6996),--,$0,-$457
 12/22/2025 09:30:00 AM,Sold,900001004,Individual 401(k) - x1004,110 of GDE @ $6.318 (Order # 3741),--,$0,$694.978
 12/22/2025 09:30:00 AM,Sold,900001004,Individual 401(k) - x1004,50 of GDMN @ $10 (Order # 5832),--,$0,$499.999
 12/22/2025 03:00:00 AM,Dividend,900001004,Individual 401(k) - x1004,0 of VGSH @ $0,--,$0,$3.33
 12/22/2025 03:00:00 AM,Sweep,900001004,Individual 401(k) - x1004,BANK DEPOSIT PROGRAM,--,$0,-$3.33
 12/17/2025 03:00:00 AM,Qualified Dividend,900001004,Individual 401(k) - x1004,POWELL IND INC REC 12/17/25 PAY 12/17/25 RATE 0.00000000 QTY 0.00000000,--,$0,$0.803
 12/17/2025 03:00:00 AM,Sweep,900001004,Individual 401(k) - x1004,BANK DEPOSIT PROGRAM,--,$0,-$0.803
 12/05/2025 03:00:00 AM,Sweep,900001004,Individual 401(k) - x1004,BANK DEPOSIT PROGRAM,--,$0,"-$1,037.01"
 12/04/2025 02:01:28 PM,Sold,900001004,Individual 401(k) - x1004,30 of POWL @ $34.567 (Order # 7361),--,$0,"$1,037.01"
 12/03/2025 03:00:00 AM,Dividend,900001004,Individual 401(k) - x1004,0 of VGSH @ $0,--,$0,$3.245
 12/03/2025 03:00:00 AM,Sweep,900001004,Individual 401(k) - x1004,BANK DEPOSIT PROGRAM,--,$0,-$3.245
 12/02/2025 03:00:00 AM,Sweep,900001004,Individual 401(k) - x1004,BANK DEPOSIT PROGRAM,--,$0,"-$2,540.39"
 12/01/2025 12:30:00 PM,Sold,900001004,Individual 401(k) - x1004,600 of IAUM @ $4.234 (Order # 6156),--,$0,"$2,540.39"
 11/28/2025 03:00:00 AM,Interest Income,900001004,Individual 401(k) - x1004,MORGAN STANLEY BANK N.A. (Period 11/01-11/30),--,$0,$0.009
 11/28/2025 03:00:00 AM,Sweep,900001004,Individual 401(k) - x1004,BANK DEPOSIT PROGRAM,--,$0,-$0.009
 11/18/2025 03:00:00 AM,Sweep,900001004,Individual 401(k) - x1004,BANK DEPOSIT PROGRAM,--,$0,"$1,813.455"
 11/17/2025 12:41:12 PM,Sold,900001004,Individual 401(k) - x1004,15 of WLDN @ $9.678 (Order # 3095),--,$0,$145.17
 11/17/2025 12:30:04 PM,Bought,900001004,Individual 401(k) - x1004,500 of ET @ $1.701 (Order # 7307),--,$0,-$850.5
 11/17/2025 12:30:01 PM,Bought,900001004,Individual 401(k) - x1004,45 of TTMI @ $6.698 (Order # 4498),--,$0,-$301.41
 11/17/2025 12:30:00 PM,Bought,900001004,Individual 401(k) - x1004,30 of INCY @ $10.436 (Order # 6262),--,$0,-$313.08
 11/17/2025 12:30:00 PM,Bought,900001004,Individual 401(k) - x1004,15 of VTI @ $32.909 (Order # 5613),--,$0,-$493.635
 11/05/2025 03:00:00 AM,Dividend,900001004,Individual 401(k) - x1004,0 of VGSH @ $0,--,$0,$3.304
 11/05/2025 03:00:00 AM,Sweep,900001004,Individual 401(k) - x1004,BANK DEPOSIT PROGRAM,--,$0,-$3.304
 11/04/2025 03:00:00 AM,Sweep,900001004,Individual 401(k) - x1004,BANK DEPOSIT PROGRAM,--,$0,"-$1,252.655"
 11/03/2025 01:00:55 PM,Bought,900001004,Individual 401(k) - x1004,11 of VOO @ $62.704 (Order # 8052),--,$0,-$689.744
 11/03/2025 12:30:01 PM,Sold,900001004,Individual 401(k) - x1004,50 of POWL @ $38.848 (Order # 3992),--,$0,"$1,942.399"
 11/03/2025 03:00:00 AM,Sweep,900001004,Individual 401(k) - x1004,BANK DEPOSIT PROGRAM,--,$0,$174.285
 10/31/2025 03:00:00 AM,Sweep,900001004,Individual 401(k) - x1004,BANK DEPOSIT PROGRAM,--,$0,-$174.285
 10/30/2025 03:00:00 AM,Dividend,900001004,Individual 401(k) - x1004,0 of GDMN @ $0,--,$0,$20.565
 10/30/2025 03:00:00 AM,Dividend,900001004,Individual 401(k) - x1004,0 of GDE @ $0,--,$0,$153.72
 10/30/2025 03:00:00 AM,Sweep,900001004,Individual 401(k) - x1004,BANK DEPOSIT PROGRAM,--,$0,-$726.674
 10/29/2025 12:48:00 PM,Sold,900001004,Individual 401(k) - x1004,14 of POWL @ $39.999 (Order # 5420),--,$0,$559.986
 10/28/2025 03:00:00 AM,Interest Income,900001004,Individual 401(k) - x1004,MORGAN STANLEY BANK N.A. (Period 10/01-10/27),--,$0,$0.018
 10/28/2025 03:00:00 AM,Sweep,900001004,Individual 401(k) - x1004,BANK DEPOSIT PROGRAM,--,$0,"$3,133.575"
 10/27/2025 12:34:10 PM,Bought,900001004,Individual 401(k) - x1004,20 of BRK.B @ $49.115 (Order # 1652),--,$0,-$982.3
 10/27/2025 12:30:02 PM,Bought,900001004,Individual 401(k) - x1004,30 of ETH @ $3.923 (Order # 5036),--,$0,-$117.69
 10/27/2025 12:30:01 PM,Bought,900001004,Individual 401(k) - x1004,175 of VGSH @ $5.892 (Order # 8415),--,$0,"-$1,031.1"
 10/27/2025 12:30:00 PM,Bought,900001004,Individual 401(k) - x1004,30 of VTI @ $33.67 (Order # 4623),--,$0,"-$1,010.1"
 10/14/2025 03:00:00 AM,Sweep,900001004,Individual 401(k) - x1004,BANK DEPOSIT PROGRAM,--,$0,"-$1,041.632"
 10/13/2025 12:30:26 PM,Sold,900001004,Individual 401(k) - x1004,20 of CLS @ $26.789 (Order # 4119),--,$0,$535.78
 10/13/2025 12:30:00 PM,Sold,900001004,Individual 401(k) - x1004,175 of SLV @ $4.688 (Order # 3275),--,$0,$820.397
 10/10/2025 06:33:21 PM,Bought,900001004,Individual 401(k) - x1004,35 of WLDN @ $8.987 (Order # 3154),--,$0,-$314.545
 10/09/2025 03:00:00 AM,Sweep,900001004,Individual 401(k) - x1004,BANK DEPOSIT PROGRAM,--,$0,"-$1,441.797"
 10/08/2025 06:50:00 PM,Sold,900001004,Individual 401(k) - x1004,25 of CLS @ $25.456 (Order # 5371),--,$0,$636.4
 10/08/2025 12:30:00 PM,Sold,900001004,Individual 401(k) - x1004,200 of IAUM @ $4.027 (Order # 4403),--,$0,$805.397
 10/08/2025 03:00:00 AM,Sweep,900001004,Individual 401(k) - x1004,BANK DEPOSIT PROGRAM,--,$0,$736.65
 10/07/2025 03:14:18 PM,Bought,900001004,Individual 401(k) - x1004,90 of GDMN @ $8.185 (Order # 8651),--,$0,-$736.65
 10/07/2025 03:00:00 AM,Sweep,900001004,Individual 401(k) - x1004,BANK DEPOSIT PROGRAM,--,$0,$189.81
 10/06/2025 12:37:51 PM,Bought,900001004,Individual 401(k) - x1004,15 of EAT @ $12.654 (Order # 9742),--,$0,-$189.81
 10/03/2025 03:00:00 AM,Sweep,900001004,Individual 401(k) - x1004,BANK DEPOSIT PROGRAM,--,$0,-$764.907
 10/02/2025 12:30:00 PM,Sold,900001004,Individual 401(k) - x1004,131 of GDE @ $5.839 (Order # 1873),--,$0,$764.907
 10/01/2025 03:00:00 AM,Qualified Dividend,900001004,Individual 401(k) - x1004,ALLSTATE CORP REC 10/01/25 PAY 10/01/25 RATE 0.00000000 QTY 0.00000000,--,$0,$3
 10/01/2025 03:00:00 AM,Sweep,900001004,Individual 401(k) - x1004,BANK DEPOSIT PROGRAM,--,$0,-$3
 09/30/2025 03:00:00 AM,Interest Income,900001004,Individual 401(k) - x1004,MORGAN STANLEY BANK N.A. (Period 09/01-09/30),--,$0,$0.008
 09/30/2025 03:00:00 AM,Sweep,900001004,Individual 401(k) - x1004,BANK DEPOSIT PROGRAM,--,$0,-$0.008
 09/30/2025 03:00:00 AM,Sweep,900001004,Individual 401(k) - x1004,BANK DEPOSIT PROGRAM,--,$0,-$762.197
 09/29/2025 12:30:00 PM,Sold,900001004,Individual 401(k) - x1004,200 of IAUM @ $3.811 (Order # 3497),--,$0,$762.197
 09/23/2025 03:00:00 AM,Sweep,900001004,Individual 401(k) - x1004,BANK DEPOSIT PROGRAM,--,$0,"$1,781.35"
 09/22/2025 12:30:01 PM,Bought,900001004,Individual 401(k) - x1004,40 of WLDN @ $10.324 (Order # 5331),--,$0,-$412.96
 09/22/2025 12:30:01 PM,Bought,900001004,Individual 401(k) - x1004,250 of CCL @ $3.057 (Order # 4966),--,$0,-$764.25
 09/22/2025 12:30:00 PM,Bought,900001004,Individual 401(k) - x1004,100 of ETH @ $3.963 (Order # 1125),--,$0,-$396.3
 09/22/2025 12:30:00 PM,Bought,900001004,Individual 401(k) - x1004,15 of EAT @ $13.856 (Order # 8610),--,$0,-$207.84
 09/17/2025 03:00:00 AM,Qualified Dividend,900001004,Individual 401(k) - x1004,POWELL IND INC REC 09/17/25 PAY 09/17/25 RATE 0.00000000 QTY 0.00000000,--,$0,$2.515
 09/17/2025 03:00:00 AM,Sweep,900001004,Individual 401(k) - x1004,BANK DEPOSIT PROGRAM,--,$0,-$2.515
 09/08/2025 03:00:00 AM,Sweep,900001004,Individual 401(k) - x1004,BANK DEPOSIT PROGRAM,--,$0,"-$1,814.399"
 09/05/2025 12:30:00 PM,Sold,900001004,Individual 401(k) - x1004,40 of IWF @ $45.36 (Order # 7859),--,$0,"$1,814.399"
 09/03/2025 03:00:00 AM,Sweep,900001004,Individual 401(k) - x1004,BANK DEPOSIT PROGRAM,--,$0,$478.254
 09/02/2025 12:30:00 PM,Bought,900001004,Individual 401(k) - x1004,118 of ETH @ $4.053 (Order # 1161),--,$0,-$478.254
 08/29/2025 03:00:00 AM,Interest Income,900001004,Individual 401(k) - x1004,MORGAN STANLEY BANK N.A. (Period 08/01-08/31),--,$0,$0.004
 08/29/2025 03:00:00 AM,Sweep,900001004,Individual 401(k) - x1004,BANK DEPOSIT PROGRAM,--,$0,-$0.004
 07/31/2025 03:00:00 AM,Interest Income,900001004,Individual 401(k) - x1004,MORGAN STANLEY BANK N.A. (Period 07/01-07/31),--,$0,$0.004
 07/31/2025 03:00:00 AM,Sweep,900001004,Individual 401(k) - x1004,BANK DEPOSIT PROGRAM,--,$0,-$0.004
 07/07/2025 03:00:00 AM,Dividend,900001004,Individual 401(k) - x1004,0 of SHLD @ $0,--,$0,$3.917
 07/07/2025 03:00:00 AM,Sweep,900001004,Individual 401(k) - x1004,BANK DEPOSIT PROGRAM,--,$0,-$3.917
 07/01/2025 03:00:00 AM,Qualified Dividend,900001004,Individual 401(k) - x1004,ALLSTATE CORP REC 07/01/25 PAY 07/01/25 RATE 0.00000000 QTY 0.00000000,--,$0,$3
 07/01/2025 03:00:00 AM,Sweep,900001004,Individual 401(k) - x1004,BANK DEPOSIT PROGRAM,--,$0,-$3
 06/30/2025 03:00:00 AM,Interest Income,900001004,Individual 401(k) - x1004,MORGAN STANLEY BANK N.A. (Period 06/01-06/30),--,$0,$0.025
 06/30/2025 03:00:00 AM,Sweep,900001004,Individual 401(k) - x1004,BANK DEPOSIT PROGRAM,--,$0,-$0.025
 06/20/2025 03:00:00 AM,Dividend,900001004,Individual 401(k) - x1004,0 of IWF @ $0,--,$0,$1.577
 06/20/2025 03:00:00 AM,Sweep,900001004,Individual 401(k) - x1004,BANK DEPOSIT PROGRAM,--,$0,-$1.577
 06/18/2025 03:00:00 AM,Qualified Dividend,900001004,Individual 401(k) - x1004,POWELL IND INC REC 06/18/25 PAY 06/18/25 RATE 0.00000000 QTY 0.00000000,--,$0,$2.515
 06/18/2025 03:00:00 AM,Sweep,900001004,Individual 401(k) - x1004,BANK DEPOSIT PROGRAM,--,$0,-$2.515
 06/17/2025 03:00:00 AM,Sweep,900001004,Individual 401(k) - x1004,BANK DEPOSIT PROGRAM,--,$0,"$4,919.691"
 06/16/2025 12:30:00 PM,Bought,900001004,Individual 401(k) - x1004,330 of SHLD @ $5.975 (Order # 7398),--,$0,"-$1,971.75"
 06/16/2025 12:30:00 PM,Bought,900001004,Individual 401(k) - x1004,310 of GDE @ $4.727 (Order # 4061),--,$0,"-$1,465.37"
 06/16/2025 12:30:00 PM,Sold,900001004,Individual 401(k) - x1004,340 of ZETA @ $1.239 (Order # 5760),--,$0,$421.254
 06/16/2025 12:30:00 PM,Bought,900001004,Individual 401(k) - x1004,575 of SLV @ $3.311 (Order # 4746),--,$0,"-$1,903.825"
 06/06/2025 03:00:00 AM,Sweep,900001004,Individual 401(k) - x1004,BANK DEPOSIT PROGRAM,--,$0,-$276.042
 06/05/2025 02:17:20 PM,Sold,900001004,Individual 401(k) - x1004,13 of AMZN @ $21.234 (Order # 3024),--,$0,$276.042
 06/02/2025 03:00:00 AM,Sweep,900001004,Individual 401(k) - x1004,BANK DEPOSIT PROGRAM,--,$0,-$668.031
 05/30/2025 04:30:31 PM,Sold,900001004,Individual 401(k) - x1004,32 of ALL @ $20.876 (Order # 6978),--,$0,$668.031
 05/30/2025 03:00:00 AM,Interest Income,900001004,Individual 401(k) - x1004,MORGAN STANLEY BANK N.A. (Period 05/01-05/31),--,$0,$0.021
 05/30/2025 03:00:00 AM,Sweep,900001004,Individual 401(k) - x1004,BANK DEPOSIT PROGRAM,--,$0,-$0.021
 05/28/2025 03:00:00 AM,Sweep,900001004,Individual 401(k) - x1004,BANK DEPOSIT PROGRAM,--,$0,"-$4,247.036"
 05/27/2025 04:48:48 PM,Sold,900001004,Individual 401(k) - x1004,52 of VUG @ $41.399 (Order # 2710),--,$0,"$2,152.747"
 05/27/2025 03:40:22 PM,Sold,900001004,Individual 401(k) - x1004,24 of IWF @ $39.987 (Order # 5569),--,$0,$959.688
 05/27/2025 02:36:07 PM,Sold,900001004,Individual 401(k) - x1004,50 of AMZN @ $20.567 (Order # 4062),--,$0,"$1,028.349"
 05/27/2025 12:30:01 PM,Bought,900001004,Individual 401(k) - x1004,32 of IBIT @ $6.289 (Order # 6042),--,$0,-$201.248
 05/27/2025 12:30:00 PM,Sold,900001004,Individual 401(k) - x1004,25 of CLS @ $12.3 (Order # 7625),--,$0,$307.5
 05/20/2025 03:00:00 AM,Sweep,900001004,Individual 401(k) - x1004,BANK DEPOSIT PROGRAM,--,$0,"$3,182.304"
 05/19/2025 12:30:01 PM,Sold,900001004,Individual 401(k) - x1004,4 of IWF @ $39.606 (Order # 6594),--,$0,$158.424
 05/19/2025 12:30:00 PM,Bought,900001004,Individual 401(k) - x1004,200 of UNFI @ $3.1 (Order # 9956),--,$0,-$620
 05/19/2025 12:30:00 PM,Bought,900001004,Individual 401(k) - x1004,75 of CLS @ $11.06 (Order # 5843),--,$0,-$829.5
 05/19/2025 12:30:00 PM,Bought,900001004,Individual 401(k) - x1004,431 of GDE @ $4.388 (Order # 8815),--,$0,"-$1,891.228"
 05/09/2025 03:00:00 AM,Sweep,900001004,Individual 401(k) - x1004,BANK DEPOSIT PROGRAM,--,$0,-$567.782
 05/08/2025 02:20:53 PM,Sold,900001004,Individual 401(k) - x1004,100 of IBIT @ $5.678 (Order # 8739),--,$0.016,$567.782
 05/07/2025 03:00:00 AM,Sweep,900001004,Individual 401(k) - x1004,BANK DEPOSIT PROGRAM,--,$0,-$679.778
 05/06/2025 03:45:55 PM,Sold,900001004,Individual 401(k) - x1004,200 of IAUM @ $3.399 (Order # 8840),--,$0.019,$679.778
 04/30/2025 03:00:00 AM,Sweep,900001004,Individual 401(k) - x1004,BANK DEPOSIT PROGRAM,--,$0,-$0.007
 04/30/2025 03:00:00 AM,Interest Income,900001004,Individual 401(k) - x1004,MORGAN STANLEY BANK N.A. (Period 04/01-04/30),--,$0,$0.007
 04/29/2025 03:00:00 AM,Sweep,900001004,Individual 401(k) - x1004,BANK DEPOSIT PROGRAM,--,$0,"-$1,369.876"
 04/28/2025 03:27:28 PM,Bought,900001004,Individual 401(k) - x1004,13 of AMZN @ $18.498 (Order # 6358),--,$0,-$240.474
 04/28/2025 12:31:50 PM,Sold,900001004,Individual 401(k) - x1004,40 of BRK.B @ $53.471 (Order # 6565),--,$0.06,"$2,138.779"
 04/28/2025 12:30:00 PM,Bought,900001004,Individual 401(k) - x1004,3 of EAT @ $16.013 (Order # 2890),--,$0,-$48.039
 04/28/2025 12:30:00 PM,Bought,900001004,Individual 401(k) - x1004,30 of EAT @ $16.013 (Order # 1166),--,$0,-$480.39
 04/01/2025 03:00:00 AM,Qualified Dividend,900001004,Individual 401(k) - x1004,ALLSTATE CORP REC 04/01/25 PAY 04/01/25 RATE 0.00000000 QTY 0.00000000,--,$0,$6.2
 04/01/2025 03:00:00 AM,Sweep,900001004,Individual 401(k) - x1004,BANK DEPOSIT PROGRAM,--,$0,-$8.8
 03/31/2025 03:00:00 AM,Dividend,900001004,Individual 401(k) - x1004,0 of VUG @ $0,--,$0,$2.6
 03/31/2025 03:00:00 AM,Interest Income,900001004,Individual 401(k) - x1004,MORGAN STANLEY BANK N.A. (Period 03/01-03/31),--,$0,$0.006
 03/31/2025 03:00:00 AM,Sweep,900001004,Individual 401(k) - x1004,BANK DEPOSIT PROGRAM,--,$0,-$0.006
 03/21/2025 03:00:00 AM,Dividend,900001004,Individual 401(k) - x1004,0 of IWF @ $0,--,$0,$2.692
 03/21/2025 03:00:00 AM,Sweep,900001004,Individual 401(k) - x1004,BANK DEPOSIT PROGRAM,--,$0,-$2.692
 03/19/2025 03:00:00 AM,Qualified Dividend,900001004,Individual 401(k) - x1004,POWELL IND INC REC 03/19/25 PAY 03/19/25 RATE 0.00000000 QTY 0.00000000,--,$0,$2.515
 03/19/2025 03:00:00 AM,Sweep,900001004,Individual 401(k) - x1004,BANK DEPOSIT PROGRAM,--,$0,-$2.515
 02/28/2025 03:00:00 AM,Interest Income,900001004,Individual 401(k) - x1004,MORGAN STANLEY BANK N.A. (Period 02/01-02/28),--,$0,$0.006
 02/28/2025 03:00:00 AM,Sweep,900001004,Individual 401(k) - x1004,BANK DEPOSIT PROGRAM,--,$0,-$0.006
 02/05/2025 03:00:00 AM,Sweep,900001004,Individual 401(k) - x1004,BANK DEPOSIT PROGRAM,--,$0,-$8.785
 02/04/2025 06:42:39 PM,Bought,900001004,Individual 401(k) - x1004,165 of NUKZ @ $4.815 (Order # 9531),--,$0,-$794.424
 02/04/2025 06:40:56 PM,Bought,900001004,Individual 401(k) - x1004,200 of IBIT @ $5.623 (Order # 4908),--,$0,"-$1,124.5"
 02/04/2025 06:39:05 PM,Bought,900001004,Individual 401(k) - x1004,50 of EAT @ $18.743 (Order # 3895),--,$0,-$937.15
 02/04/2025 06:34:27 PM,Sold,900001004,Individual 401(k) - x1004,70 of IWF @ $40.928 (Order # 5822),--,$0.08,"$2,864.859"
 01/31/2025 03:00:00 AM,Sweep,900001004,Individual 401(k) - x1004,BANK DEPOSIT PROGRAM,--,$0,-$0.003
 01/31/2025 03:00:00 AM,Interest Income,900001004,Individual 401(k) - x1004,MORGAN STANLEY BANK N.A. (Period 01/01-01/31),--,$0,$0.003
 01/28/2025 03:00:00 AM,Sweep,900001004,Individual 401(k) - x1004,BANK DEPOSIT PROGRAM,--,$0,$160.236
 01/27/2025 12:30:00 PM,Bought,900001004,Individual 401(k) - x1004,4 of IWF @ $40.059 (Order # 3153),--,$0,-$160.236
 01/21/2025 03:00:00 AM,Sweep,900001004,Individual 401(k) - x1004,BANK DEPOSIT PROGRAM,--,$0,-$856.086
 01/17/2025 01:06:04 PM,Sold,900001004,Individual 401(k) - x1004,64 of MHO @ $13.953 (Order # 2405),--,$0.025,$892.966
 01/17/2025 01:05:07 PM,Bought,900001004,Individual 401(k) - x1004,62 of ALL @ $19.216 (Order # 9496),--,$0,"-$1,191.361"
 01/17/2025 01:01:49 PM,Bought,900001004,Individual 401(k) - x1004,1000 of IAUM @ $2.708 (Order # 4346),--,$0,"-$2,707.98"
 01/17/2025 01:00:04 PM,Sold,900001004,Individual 401(k) - x1004,40 of AMZN @ $22.384 (Order # 3449),--,$0.025,$895.334
 01/17/2025 12:59:25 PM,Sold,900001004,Individual 401(k) - x1004,1062 of SCHD @ $2.794 (Order # 7508),--,$0.083,"$2,967.127"
 12/27/2024 03:00:00 AM,Sweep,900001004,Individual 401(k) - x1004,BANK DEPOSIT PROGRAM,--,$0,-$7.949
 12/26/2024 05:32:50 PM,Bought,900001004,Individual 401(k) - x1004,134 of IWF @ $41.619 (Order # 2228),--,$0,"-$5,576.879"
 12/26/2024 05:31:02 PM,Sold,900001004,Individual 401(k) - x1004,400 of IAUM @ $2.626 (Order # 1691),--,$0.03,"$1,050.523"
 12/26/2024 05:30:14 PM,Sold,900001004,Individual 401(k) - x1004,127 of VBR @ $20.062 (Order # 7824),--,$0.071,"$2,547.829"
 12/26/2024 05:30:14 PM,Sold,900001004,Individual 401(k) - x1004,99 of VBR @ $20.066 (Order # 7824),--,$0.056,"$1,986.476"
 12/26/2024 03:00:00 AM,Dividend,900001004,Individual 401(k) - x1004,0 of VUG @ $0,--,$0,$2.779
 12/26/2024 03:00:00 AM,Dividend,900001004,Individual 401(k) - x1004,0 of VBR @ $0,--,$0,$24.659
 12/26/2024 03:00:00 AM,Sweep,900001004,Individual 401(k) - x1004,BANK DEPOSIT PROGRAM,--,$0,-$27.438
 12/18/2024 03:00:00 AM,Qualified Dividend,900001004,Individual 401(k) - x1004,POWELL IND INC REC 12/18/24 PAY 12/18/24 RATE 0.00000000 QTY 0.00000000,--,$0,$2.491
 12/18/2024 03:00:00 AM,Sweep,900001004,Individual 401(k) - x1004,BANK DEPOSIT PROGRAM,--,$0,-$2.491
 12/16/2024 03:00:00 AM,Dividend,900001004,Individual 401(k) - x1004,0 of SCHD @ $0,--,$0,$28.09
 12/16/2024 03:00:00 AM,Sweep,900001004,Individual 401(k) - x1004,BANK DEPOSIT PROGRAM,--,$0,-$15.029
 12/10/2024 03:00:00 AM,Sweep,900001004,Individual 401(k) - x1004,BANK DEPOSIT PROGRAM,--,$0,"$6,765.879"
 12/10/2024 03:00:00 AM,Interest Income,900001004,Individual 401(k) - x1004,MORGAN STANLEY BANK N.A. (Period 12/01-12/09),--,$0,$0.017
 12/09/2024 12:30:01 PM,Bought,900001004,Individual 401(k) - x1004,80 of BRK.B @ $47.06 (Order # 5455),--,$0,"-$3,764.8"
 12/09/2024 12:30:00 PM,Bought,900001004,Individual 401(k) - x1004,141 of VBR @ $21.377 (Order # 5362),--,$0,"-$3,014.157"
 11/29/2024 03:00:00 AM,Interest Income,900001004,Individual 401(k) - x1004,MORGAN STANLEY BANK N.A. (Period 11/01-11/30),--,$0,$0.058
 11/29/2024 03:00:00 AM,Sweep,900001004,Individual 401(k) - x1004,BANK DEPOSIT PROGRAM,--,$0,-$0.058
 11/15/2024 03:00:00 AM,Sweep,900001004,Individual 401(k) - x1004,BANK DEPOSIT PROGRAM,--,$0,"$1,533"
 11/14/2024 12:30:00 PM,Bought,900001004,Individual 401(k) - x1004,600 of IAUM @ $2.555 (Order # 5958),--,$0,"-$1,533"
 11/04/2024 03:00:00 AM,Sweep,900001004,Individual 401(k) - x1004,BANK DEPOSIT PROGRAM,--,$0,"-$3,999.685"
 11/01/2024 12:32:17 PM,Sold,900001004,Individual 401(k) - x1004,200 of AMZN @ $19.999 (Order # 6440),--,$0.112,"$3,999.685"
 10/31/2024 03:00:00 AM,Interest,900001004,Individual 401(k) - x1004,MORGAN STANLEY BANK N.A. (Period 10/01-10/31),--,$0,$0.034
 10/31/2024 03:00:00 AM,Sweep,900001004,Individual 401(k) - x1004,BANK DEPOSIT PROGRAM,--,$0,-$0.034
 10/31/2024 03:00:00 AM,Sweep,900001004,Individual 401(k) - x1004,BANK DEPOSIT PROGRAM,--,$0,"$2,010.48"
 10/30/2024 12:43:26 PM,Bought,900001004,Individual 401(k) - x1004,80 of POWL @ $25.131 (Order # 1971),--,$0,"-$2,010.48"
 10/30/2024 03:00:00 AM,Sweep,900001004,Individual 401(k) - x1004,BANK DEPOSIT PROGRAM,--,$0,$180.075
 10/29/2024 12:30:00 PM,Bought,900001004,Individual 401(k) - x1004,25 of GRBK @ $7.203 (Order # 2930),--,$0,-$180.075
 10/23/2024 03:00:00 AM,Sweep,900001004,Individual 401(k) - x1004,BANK DEPOSIT PROGRAM,--,$0,"-$3,954.806"
 10/22/2024 12:55:50 PM,Sold,900001004,Individual 401(k) - x1004,93 of MSFT @ $42.526 (Order # 7569),--,$0.11,"$3,954.806"
 10/16/2024 03:00:00 AM,Sweep,900001004,Individual 401(k) - x1004,BANK DEPOSIT PROGRAM,--,$0,$357.973
 10/15/2024 01:45:16 PM,Bought,900001004,Individual 401(k) - x1004,14 of POWL @ $25.57 (Order # 4798),--,$0,-$357.973
 10/15/2024 03:00:00 AM,Reorganization,900001004,Individual 401(k) - x1004,SCHWAB US DVD EQUITY ETF SPLIT RATIO 3:1,--,$0,$0
 10/15/2024 03:00:00 AM,Sweep,900001004,Individual 401(k) - x1004,BANK DEPOSIT PROGRAM,--,$0,"$1,372.712"
 10/14/2024 12:30:01 PM,Sold,900001004,Individual 401(k) - x1004,8 of MSFT @ $41.826 (Order # 7353),--,$0.01,$334.598
 10/14/2024 12:30:00 PM,Bought,900001004,Individual 401(k) - x1004,85 of VBR @ $20.086 (Order # 8088),--,$0,"-$1,707.31"
 10/08/2024 03:00:00 AM,Sweep,900001004,Individual 401(k) - x1004,BANK DEPOSIT PROGRAM,--,$0,"-$1,695.406"
 10/07/2024 12:32:33 PM,Sold,900001004,Individual 401(k) - x1004,144 of BABA @ $11.774 (Order # 5028),--,$0.048,"$1,695.406"
 10/01/2024 03:00:00 AM,Sweep,900001004,Individual 401(k) - x1004,BANK DEPOSIT PROGRAM,--,$0,$998.596
 09/30/2024 12:30:00 PM,Bought,900001004,Individual 401(k) - x1004,340 of ZETA @ $2.944 (Order # 1026),--,$0,"-$1,000.96"
 09/30/2024 03:00:00 AM,Dividend,900001004,Individual 401(k) - x1004,0 of VUG @ $0,--,$0,$2.364
 09/30/2024 03:00:00 AM,Sweep,900001004,Individual 401(k) - x1004,BANK DEPOSIT PROGRAM,--,$0,-$0.069
 09/30/2024 03:00:00 AM,Interest,900001004,Individual 401(k) - x1004,MORGAN STANLEY BANK N.A. (Period 09/01-09/30),--,$0,$0.069
 09/26/2024 03:00:00 AM,Sweep,900001004,Individual 401(k) - x1004,BANK DEPOSIT PROGRAM,--,$0,"$2,952.006"
 09/25/2024 04:34:24 PM,Bought,900001004,Individual 401(k) - x1004,354 of SCHD @ $8.339 (Order # 5300),--,$0,"-$2,952.006"
 09/25/2024 03:00:00 AM,Sweep,900001004,Individual 401(k) - x1004,BANK DEPOSIT PROGRAM,--,$0,"$1,974.648"
 09/24/2024 01:03:05 PM,Bought,900001004,Individual 401(k) - x1004,52 of VUG @ $37.974 (Order # 9587),--,$0,"-$1,974.648"
 09/24/2024 03:00:00 AM,Sweep,900001004,Individual 401(k) - x1004,BANK DEPOSIT PROGRAM,--,$0,"$1,085.056"
 09/23/2024 01:49:29 PM,Bought,900001004,Individual 401(k) - x1004,64 of MHO @ $16.954 (Order # 9995),--,$0,"-$1,085.056"
 09/12/2024 03:00:00 AM,Dividend,900001004,Individual 401(k) - x1004,0 of MSFT @ $0,--,$0,$7.575
 09/12/2024 03:00:00 AM,Sweep,900001004,Individual 401(k) - x1004,BANK DEPOSIT PROGRAM,--,$0,-$7.575
 08/30/2024 03:00:00 AM,Interest,900001004,Individual 401(k) - x1004,MORGAN STANLEY BANK N.A. (Period 08/01-08/31),--,$0,$0.032
 08/30/2024 03:00:00 AM,Sweep,900001004,Individual 401(k) - x1004,BANK DEPOSIT PROGRAM,--,$0,-$0.032
 08/20/2024 03:00:00 AM,Sweep,900001004,Individual 401(k) - x1004,BANK DEPOSIT PROGRAM,--,$0,"-$9,413.698"
 08/19/2024 12:30:00 PM,Sold,900001004,Individual 401(k) - x1004,252 of VUG @ $37.357 (Order # 2738),--,$0.262,"$9,413.698"
 07/31/2024 03:00:00 AM,Interest,900001004,Individual 401(k) - x1004,MORGAN STANLEY BANK N.A. (Period 07/01-07/31),--,$0,$0.001
 07/31/2024 03:00:00 AM,Sweep,900001004,Individual 401(k) - x1004,BANK DEPOSIT PROGRAM,--,$0,-$0.001
 07/15/2024 03:00:00 AM,Sweep,900001004,Individual 401(k) - x1004,BANK DEPOSIT PROGRAM,--,$0,$0.576
 07/12/2024 03:00:00 AM,MISC,900001004,Individual 401(k) - x1004,ALIBABA GROUP HLDG LTD AGENT CUSTODY FEE $0.002/SH,--,$0,-$0.288
 07/12/2024 03:00:00 AM,Dividend,900001004,Individual 401(k) - x1004,0 of BABA @ $0,--,$0,$23.904
 07/12/2024 03:00:00 AM,Sweep,900001004,Individual 401(k) - x1004,BANK DEPOSIT PROGRAM,--,$0,-$24.192
 07/01/2024 03:00:00 AM,Dividend,900001004,Individual 401(k) - x1004,0 of VUG @ $0,--,$0,$11.491
 07/01/2024 03:00:00 AM,Sweep,900001004,Individual 401(k) - x1004,BANK DEPOSIT PROGRAM,--,$0,-$11.491
 06/28/2024 03:00:00 AM,Interest,900001004,Individual 401(k) - x1004,MORGAN STANLEY BANK N.A. (Period 06/01-06/30),--,$0,$0.001
 06/28/2024 03:00:00 AM,Sweep,900001004,Individual 401(k) - x1004,BANK DEPOSIT PROGRAM,--,$0,-$0.001
 06/13/2024 03:00:00 AM,Dividend,900001004,Individual 401(k) - x1004,0 of MSFT @ $0,--,$0,$7.575
 06/13/2024 03:00:00 AM,Sweep,900001004,Individual 401(k) - x1004,BANK DEPOSIT PROGRAM,--,$0,-$7.575
 05/31/2024 03:00:00 AM,Interest,900001004,Individual 401(k) - x1004,MORGAN STANLEY BANK N.A. (Period 05/01-05/31),--,$0,$0.001
 05/31/2024 03:00:00 AM,Sweep,900001004,Individual 401(k) - x1004,BANK DEPOSIT PROGRAM,--,$0,-$0.001
 05/03/2024 03:00:00 AM,Sweep,900001004,Individual 401(k) - x1004,BANK DEPOSIT PROGRAM,--,$0,$0.288
 05/02/2024 03:00:00 AM,MISC,900001004,Individual 401(k) - x1004,ALIBABA GROUP HLDG LTD AGENT CUSTODY FEE $0.002/SH,--,$0,-$0.288
 04/30/2024 03:00:00 AM,Interest,900001004,Individual 401(k) - x1004,MORGAN STANLEY BANK N.A. (Period 04/01-04/30),--,$0,$0.001
 04/30/2024 03:00:00 AM,Sweep,900001004,Individual 401(k) - x1004,BANK DEPOSIT PROGRAM,--,$0,-$0.001
 03/28/2024 03:00:00 AM,Interest,900001004,Individual 401(k) - x1004,MORGAN STANLEY BANK N.A. (Period 03/01-03/31),--,$0,$0.001
 03/28/2024 03:00:00 AM,Sweep,900001004,Individual 401(k) - x1004,BANK DEPOSIT PROGRAM,--,$0,-$0.001
 03/26/2024 03:00:00 AM,Dividend,900001004,Individual 401(k) - x1004,0 of VUG @ $0,--,$0,$11.784
 03/26/2024 03:00:00 AM,Sweep,900001004,Individual 401(k) - x1004,BANK DEPOSIT PROGRAM,--,$0,-$11.784
 03/14/2024 03:00:00 AM,Dividend,900001004,Individual 401(k) - x1004,0 of MSFT @ $0,--,$0,$7.575
 03/14/2024 03:00:00 AM,Sweep,900001004,Individual 401(k) - x1004,BANK DEPOSIT PROGRAM,--,$0,-$7.575
 02/29/2024 03:00:00 AM,Sweep,900001004,Individual 401(k) - x1004,BANK DEPOSIT PROGRAM,--,$0,-$0.001
 02/29/2024 03:00:00 AM,Interest,900001004,Individual 401(k) - x1004,MORGAN STANLEY BANK N.A. (Period 02/01-02/29),--,$0,$0.001
 01/31/2024 03:00:00 AM,Interest,900001004,Individual 401(k) - x1004,MORGAN STANLEY BANK N.A. (Period 01/01-01/31),--,$0,$0.001
 01/31/2024 03:00:00 AM,Sweep,900001004,Individual 401(k) - x1004,BANK DEPOSIT PROGRAM,--,$0,-$0.001
 01/19/2024 03:00:00 AM,Sweep,900001004,Individual 401(k) - x1004,BANK DEPOSIT PROGRAM,--,$0,$0.576
 01/18/2024 03:00:00 AM,MISC,900001004,Individual 401(k) - x1004,ALIBABA GROUP HLDG LTD AGENT CUSTODY FEE $0.002/SH,--,$0,-$0.288
 01/18/2024 03:00:00 AM,Dividend,900001004,Individual 401(k) - x1004,0 of BABA @ $0,--,$0,$14.4
 01/18/2024 03:00:00 AM,Sweep,900001004,Individual 401(k) - x1004,BANK DEPOSIT PROGRAM,--,$0,-$14.688
 12/29/2023 03:00:00 AM,Sweep,900001004,Individual 401(k) - x1004,BANK DEPOSIT PROGRAM,--,$0,-$0.001
 12/29/2023 03:00:00 AM,Interest,900001004,Individual 401(k) - x1004,MORGAN STANLEY PRIVATE BANK NA (Period 12/01-12/31),--,$0,$0.001
 12/27/2023 03:00:00 AM,Dividend,900001004,Individual 401(k) - x1004,0 of VUG @ $0,--,$0,$14.734
 12/27/2023 03:00:00 AM,Sweep,900001004,Individual 401(k) - x1004,BANK DEPOSIT PROGRAM,--,$0,-$14.734
 12/14/2023 03:00:00 AM,Dividend,900001004,Individual 401(k) - x1004,0 of MSFT @ $0,--,$0,$7.575
 12/14/2023 03:00:00 AM,Sweep,900001004,Individual 401(k) - x1004,BANK DEPOSIT PROGRAM,--,$0,-$7.575
 10/31/2023 03:00:00 AM,Sweep,900001004,Individual 401(k) - x1004,BANK DEPOSIT PROGRAM,--,$0,-$0.001
 10/31/2023 03:00:00 AM,Interest,900001004,Individual 401(k) - x1004,MORGAN STANLEY BANK N.A. (Period 10/01-10/31),--,$0,$0.001
 09/26/2023 03:00:00 AM,Dividend,900001004,Individual 401(k) - x1004,0 of VUG @ $0,--,$0,$9.473
 09/26/2023 03:00:00 AM,Sweep,900001004,Individual 401(k) - x1004,BANK DEPOSIT PROGRAM,--,$0,-$9.473
 09/18/2023 03:00:00 AM,Sweep,900001004,Individual 401(k) - x1004,BANK DEPOSIT PROGRAM,--,$0,-$6.868
 09/14/2023 03:00:00 AM,Dividend,900001004,Individual 401(k) - x1004,0 of MSFT @ $0,--,$0,$6.868
 09/05/2023 03:00:00 AM,Sweep,900001004,Individual 401(k) - x1004,BANK DEPOSIT PROGRAM,--,$0,-$44.538
 06/28/2023 03:00:00 AM,Dividend,900001004,Individual 401(k) - x1004,0 of VUG @ $0,--,$0,$10.387
 06/08/2023 03:00:00 AM,Dividend,900001004,Individual 401(k) - x1004,0 of MSFT @ $0,--,$0,$6.868
 06/07/2023 03:00:00 AM,Fee,900001004,Individual 401(k) - x1004,***ALIBABA GROUP HOLDING LTD SPONSORED ADR ADR CUSTODY FEE APR2023,--,$0,-$0.288
 03/28/2023 03:00:00 AM,Dividend,900001004,Individual 401(k) - x1004,0 of VUG @ $0,--,$0,$10.816
 03/27/2023 03:00:00 AM,Interest,900001004,Individual 401(k) - x1004,INTEREST ON CASH BALANCE AT 0.009% 02/26 THRU 03/25 APY 0.0099%,--,$0,$0.001
 03/13/2023 12:00:00 AM,Bought,900001004,Individual 401(k) - x1004,8 of MSFT @ $24.75 (Order # 2473),--,$0,-$198
 03/09/2023 03:00:00 AM,Dividend,900001004,Individual 401(k) - x1004,0 of MSFT @ $0,--,$0,$6.324
 02/27/2023 03:00:00 AM,Interest,900001004,Individual 401(k) - x1004,INTEREST ON CASH BALANCE AT 0.009% 01/26 THRU 02/25 APY 0.0099%,--,$0,$0.002
 01/26/2023 03:00:00 AM,Interest,900001004,Individual 401(k) - x1004,INTEREST ON CASH BALANCE AT 0.009% 12/26 THRU 01/25 APY 0.0099%,--,$0,$0.002
 01/18/2023 03:00:00 AM,Adjustment,900001004,Individual 401(k) - x1004,$ 119336.20 FAIR MARKET VALUE - 12/31/22,--,$0,$0
 12/28/2022 03:00:00 AM,Dividend,900001004,Individual 401(k) - x1004,0 of VUG @ $0,--,$0,$11.297
 12/27/2022 03:00:00 AM,Interest,900001004,Individual 401(k) - x1004,INTEREST ON CASH BALANCE AT 0.009% 11/26 THRU 12/25 APY 0.0099%,--,$0,$0.002
 12/08/2022 03:00:00 AM,Dividend,900001004,Individual 401(k) - x1004,0 of MSFT @ $0,--,$0,$6.324
 11/28/2022 03:00:00 AM,Interest,900001004,Individual 401(k) - x1004,INTEREST ON CASH BALANCE AT 0.009% 10/26 THRU 11/25 APY 0.0099%,--,$0,$0.002
 10/26/2022 03:00:00 AM,Interest,900001004,Individual 401(k) - x1004,INTEREST ON CASH BALANCE AT 0.009% 09/26 THRU 10/25 APY 0.0099%,--,$0,$0.002
 09/28/2022 03:00:00 AM,Dividend,900001004,Individual 401(k) - x1004,0 of VUG @ $0,--,$0,$10.826
 09/26/2022 03:00:00 AM,Interest,900001004,Individual 401(k) - x1004,INTEREST ON CASH BALANCE AT 0.009% 08/26 THRU 09/25 APY 0.0099%,--,$0,$0.002
 09/08/2022 03:00:00 AM,Dividend,900001004,Individual 401(k) - x1004,0 of MSFT @ $0,--,$0,$5.766
 08/26/2022 03:00:00 AM,Interest,900001004,Individual 401(k) - x1004,INTEREST ON CASH BALANCE AT 0.009% 07/26 THRU 08/25 APY 0.0099%,--,$0,$0.001
 07/26/2022 03:00:00 AM,Interest,900001004,Individual 401(k) - x1004,INTEREST ON CASH BALANCE AT 0.009% 06/26 THRU 07/25 APY 0.0099%,--,$0,$0.001
 06/30/2022 03:00:00 AM,Fee,900001004,Individual 401(k) - x1004,***ALIBABA GROUP HOLDING LTD SPONSORED ADR ADR CUSTODY FEE APRIL 2022,--,$0,-$0.288
 06/28/2022 03:00:00 AM,Dividend,900001004,Individual 401(k) - x1004,0 of VUG @ $0,--,$0,$8.079
 06/27/2022 03:00:00 AM,Interest,900001004,Individual 401(k) - x1004,INTEREST ON CASH BALANCE AT 0.009% 05/26 THRU 06/25 APY 0.0099%,--,$0,$0.001
 06/09/2022 03:00:00 AM,Dividend,900001004,Individual 401(k) - x1004,0 of MSFT @ $0,--,$0,$5.766
 06/06/2022 03:00:00 AM,Bought,900001004,Individual 401(k) - x1004,323 of AMZN @ $0,--,$0,$0
 05/26/2022 03:00:00 AM,Interest,900001004,Individual 401(k) - x1004,INTEREST ON CASH BALANCE AT 0.009% 04/26 THRU 05/25 APY 0.0099%,--,$0,$0.001
 04/26/2022 03:00:00 AM,Interest,900001004,Individual 401(k) - x1004,INTEREST ON CASH BALANCE AT 0.009% 03/26 THRU 04/25 APY 0.0099%,--,$0,$0.001
 03/28/2022 03:00:00 AM,Interest,900001004,Individual 401(k) - x1004,INTEREST ON CASH BALANCE AT 0.009% 02/26 THRU 03/25 APY 0.0099%,--,$0,$0.001
 03/28/2022 03:00:00 AM,Dividend,900001004,Individual 401(k) - x1004,0 of VUG @ $0,--,$0,$7.575
 03/10/2022 03:00:00 AM,Dividend,900001004,Individual 401(k) - x1004,0 of MSFT @ $0,--,$0,$5.766
 02/28/2022 03:00:00 AM,Interest,900001004,Individual 401(k) - x1004,INTEREST ON CASH BALANCE AT 0.009% 01/26 THRU 02/25 APY 0.0099%,--,$0,$0.001
 01/26/2022 03:00:00 AM,Interest,900001004,Individual 401(k) - x1004,INTEREST ON CASH BALANCE AT 0.009% 12/26 THRU 01/25 APY 0.0099%,--,$0,$0.001
 01/18/2022 03:00:00 AM,Adjustment,900001004,Individual 401(k) - x1004,$ 187407.09 FAIR MARKET VALUE - 12/31/21,--,$0,$0
 12/30/2021 03:00:00 AM,Dividend,900001004,Individual 401(k) - x1004,0 of VUG @ $0,--,$0,$11.819
 12/27/2021 03:00:00 AM,Interest,900001004,Individual 401(k) - x1004,INTEREST ON CASH BALANCE AT 0.009% 11/26 THRU 12/25 APY 0.0099%,--,$0,$0.001
 12/09/2021 03:00:00 AM,Dividend,900001004,Individual 401(k) - x1004,0 of MSFT @ $0,--,$0,$5.766
 11/26/2021 03:00:00 AM,Interest,900001004,Individual 401(k) - x1004,INTEREST ON CASH BALANCE AT 0.009% 10/26 THRU 11/25 APY 0.0099%,--,$0,$0.001
 10/26/2021 03:00:00 AM,Interest,900001004,Individual 401(k) - x1004,INTEREST ON CASH BALANCE AT 0.009% 09/26 THRU 10/25 APY 0.0099%,--,$0,$0.001
 09/29/2021 03:00:00 AM,Dividend,900001004,Individual 401(k) - x1004,0 of VUG @ $0,--,$0,$7.978
 09/27/2021 03:00:00 AM,Interest,900001004,Individual 401(k) - x1004,INTEREST ON CASH BALANCE AT 0.009% 08/26 THRU 09/25 APY 0.0099%,--,$0,$0.001
 09/09/2021 03:00:00 AM,Dividend,900001004,Individual 401(k) - x1004,0 of MSFT @ $0,--,$0,$5.208
 08/26/2021 03:00:00 AM,Interest,900001004,Individual 401(k) - x1004,INTEREST ON CASH BALANCE AT 0.009% 07/26 THRU 08/25 APY 0.0099%,--,$0,$0.001
 07/26/2021 03:00:00 AM,Interest,900001004,Individual 401(k) - x1004,INTEREST ON CASH BALANCE AT 0.009% 06/26 THRU 07/25 APY 0.0099%,--,$0,$0.001
 06/29/2021 03:00:00 AM,Dividend,900001004,Individual 401(k) - x1004,0 of VUG @ $0,--,$0,$9.415
 06/28/2021 03:00:00 AM,Interest,900001004,Individual 401(k) - x1004,INTEREST ON CASH BALANCE AT 0.009% 05/26 THRU 06/25 APY 0.0099%,--,$0,$0.001
 06/10/2021 03:00:00 AM,Dividend,900001004,Individual 401(k) - x1004,0 of MSFT @ $0,--,$0,$5.208
 05/26/2021 03:00:00 AM,Interest,900001004,Individual 401(k) - x1004,INTEREST ON CASH BALANCE AT 0.009% 04/26 THRU 05/25 APY 0.0099%,--,$0,$0.001
 05/14/2021 03:00:00 AM,Fee,900001004,Individual 401(k) - x1004,***ALIBABA GROUP HOLDING LTD SPONSORED ADR ADR CUSTODY FEE APRIL 2021,--,$0,-$0.288
 04/26/2021 03:00:00 AM,Interest,900001004,Individual 401(k) - x1004,INTEREST ON CASH BALANCE AT 0.009% 03/26 THRU 04/25 APY 0.0099%,--,$0,$0.001
 03/30/2021 03:00:00 AM,Dividend,900001004,Individual 401(k) - x1004,0 of VUG @ $0,--,$0,$9.599
 03/26/2021 03:00:00 AM,Interest,900001004,Individual 401(k) - x1004,INTEREST ON CASH BALANCE AT 0.009% 02/26 THRU 03/25 APY 0.0099%,--,$0,$0.001
 03/11/2021 03:00:00 AM,Dividend,900001004,Individual 401(k) - x1004,0 of MSFT @ $0,--,$0,$5.208
 02/26/2021 03:00:00 AM,Interest,900001004,Individual 401(k) - x1004,INTEREST ON CASH BALANCE AT 0.009% 01/26 THRU 02/25 APY 0.0099%,--,$0,$0.001
 01/26/2021 03:00:00 AM,Interest,900001004,Individual 401(k) - x1004,INTEREST ON CASH BALANCE AT 0.009% 12/26 THRU 01/25 APY 0.0099%,--,$0,$0.001
